type,index,text,start,end,duration,importance,confidence,sentence_index
word,0,Every,0.031,0.352,0.321,low,0.840,0
word,1,time,0.392,0.572,0.180,low,0.999,0
word,2,you,0.592,0.733,0.141,low,0.875,0
word,3,stream,0.773,1.053,0.280,low,0.907,0
word,4,a,1.113,1.153,0.040,low,0.491,0
word,5,"video,",1.214,1.594,0.380,medium,0.874,0
word,6,join,1.955,2.196,0.241,low,0.791,0
word,7,a,2.236,2.256,0.020,low,0.993,0
word,8,"call,",2.316,2.637,0.321,low,0.991,0
word,9,or,2.857,2.937,0.080,low,0.740,0
word,10,SSH,3.158,3.679,0.521,medium,0.696,0
word,11,into,3.699,3.900,0.201,low,0.747,0
word,12,a,3.940,4.000,0.060,low,0.333,0
word,13,"server,",4.060,4.401,0.341,medium,0.944,0
word,14,a,4.882,4.902,0.020,low,0.562,0
word,15,packet,4.962,5.283,0.321,low,0.930,0
word,16,has,5.323,5.463,0.140,low,0.869,0
word,17,to,5.503,5.583,0.080,low,0.822,0
word,18,physically,5.643,6.044,0.401,low,0.708,0
word,19,leave,6.124,6.305,0.181,low,0.783,0
word,20,your,6.345,6.465,0.120,low,0.980,0
word,21,computer,6.525,6.966,0.441,low,0.947,0
word,22,and,7.087,7.167,0.080,low,0.918,0
word,23,get,7.207,7.347,0.140,low,0.975,0
word,24,onto,7.427,7.648,0.221,low,0.837,0
word,25,a,7.688,7.728,0.040,low,0.334,0
word,26,wire.,7.788,8.069,0.281,medium,0.977,0
word,27,The,8.870,8.971,0.101,low,0.939,1
word,28,piece,9.011,9.191,0.180,low,0.832,1
word,29,of,9.231,9.271,0.040,low,1.000,1
word,30,hardware,9.331,9.752,0.421,low,0.866,1
word,31,that,9.792,9.893,0.101,low,0.998,1
word,32,makes,9.933,10.113,0.180,low,0.757,1
word,33,that,10.173,10.314,0.141,low,0.913,1
word,34,happen,10.354,10.714,0.360,low,0.855,1
word,35,is,10.735,10.955,0.220,low,0.666,1
word,36,one,11.055,11.135,0.080,low,0.563,1
word,37,of,11.176,11.216,0.040,low,0.688,1
word,38,the,11.256,11.336,0.080,low,0.833,1
word,39,most,11.396,11.576,0.180,low,0.620,1
word,40,overlooked,11.757,12.218,0.461,low,0.830,1
word,41,parts,12.298,12.559,0.261,low,0.844,1
word,42,of,12.619,12.659,0.040,low,1.000,1
word,43,any,12.679,12.979,0.300,medium,0.503,1
word,44,"machine,",13.060,13.420,0.360,low,0.941,1
word,45,the,14.002,14.102,0.100,low,0.824,1
word,46,Network,14.142,14.483,0.341,low,0.880,1
word,47,Interface,14.543,14.964,0.421,low,0.956,1
word,48,"Card,",15.004,15.285,0.281,low,0.866,1
word,49,or,15.525,15.605,0.080,low,0.484,1
word,50,NIC.,15.645,16.307,0.662,high,0.892,1
word,51,Today,17.169,17.429,0.260,medium,0.740,2
word,52,we're,17.449,17.670,0.221,low,0.704,2
word,53,going,17.690,17.870,0.180,low,0.779,2
word,54,to,17.890,17.950,0.060,low,0.750,2
word,55,open,18.031,18.211,0.180,low,0.601,2
word,56,one,18.311,18.411,0.100,low,0.826,2
word,57,up.,18.512,19.153,0.641,low,0.949,2
word,58,not,19.302,19.542,0.240,low,0.720,3
word,59,with,19.582,19.683,0.101,low,0.913,3
word,60,a,19.763,19.783,0.020,low,1.000,3
word,61,"screwdriver,",19.803,20.384,0.581,low,0.769,3
word,62,in,20.764,20.845,0.081,low,0.974,3
word,63,3D.,20.865,21.406,0.541,high,0.824,3
word,64,We'll,22.247,22.407,0.160,low,0.821,4
word,65,go,22.427,22.547,0.120,low,0.832,4
word,66,"from,",22.608,22.788,0.180,low,0.768,4
word,67,what,22.828,23.188,0.360,low,0.871,4
word,68,is,23.249,23.329,0.080,low,0.750,4
word,69,this,23.389,23.549,0.160,low,0.773,4
word,70,"thing,",23.629,23.870,0.241,low,0.950,4
word,71,all,24.390,24.531,0.141,low,0.787,4
word,72,the,24.571,24.631,0.060,low,0.785,4
word,73,way,24.691,24.831,0.140,low,0.777,4
word,74,to,24.891,24.951,0.060,low,0.931,4
word,75,how,25.012,25.132,0.120,low,0.995,4
word,76,a,25.192,25.212,0.020,low,0.998,4
word,77,packet,25.272,25.613,0.341,low,0.937,4
word,78,actually,25.733,26.073,0.340,low,0.924,4
word,79,moves,26.133,26.354,0.221,low,0.693,4
word,80,through,26.414,26.614,0.200,low,0.825,4
word,81,"it,",26.674,26.734,0.060,low,0.999,4
word,82,the,27.175,27.275,0.100,low,0.790,4
word,83,same,27.315,27.496,0.181,low,0.883,4
word,84,way,27.536,27.676,0.140,low,0.755,4
word,85,a,27.716,27.736,0.020,low,0.154,4
word,86,driver,27.796,28.117,0.321,low,0.733,4
word,87,engineer,28.197,28.537,0.340,low,0.682,4
word,88,would,28.597,28.738,0.141,low,0.719,4
word,89,explain,28.758,29.138,0.380,low,0.814,4
word,90,it.,29.178,29.239,0.061,low,0.873,4
word,91,A,30.100,30.200,0.100,medium,0.925,5
word,92,"NIC,",30.360,30.921,0.561,high,0.887,5
word,93,network,31.482,31.823,0.341,low,0.890,5
word,94,interface,31.883,32.324,0.441,low,0.925,5
word,95,"card,",32.364,32.664,0.300,low,0.918,5
word,96,is,33.145,33.205,0.060,low,0.778,5
word,97,the,33.245,33.325,0.080,low,0.833,5
word,98,hardware,33.385,33.786,0.401,low,0.725,5
word,99,that,33.826,33.926,0.100,low,0.847,5
word,100,connects,33.986,34.287,0.301,low,0.874,5
word,101,a,34.347,34.367,0.020,low,0.999,5
word,102,computer,34.407,34.828,0.421,low,0.959,5
word,103,to,34.888,34.988,0.100,low,0.992,5
word,104,a,35.048,35.068,0.020,low,1.000,5
word,105,network.,35.128,36.130,1.002,low,0.869,5
word,106,Your,36.211,36.371,0.160,low,0.882,6
word,107,laptop's,36.431,36.892,0.461,low,0.904,6
word,108,Wi-Fi,36.952,37.352,0.400,low,0.887,6
word,109,chip,37.412,37.613,0.201,low,0.920,6
word,110,is,37.773,37.833,0.060,low,0.828,6
word,111,a,37.893,37.913,0.020,low,0.863,6
word,112,NIC.,38.053,38.554,0.501,high,0.846,6
word,113,The,39.275,39.375,0.100,low,0.864,7
word,114,little,39.415,39.655,0.240,low,0.768,7
word,115,RJ45,39.815,40.516,0.701,high,0.724,7
word,116,jack,40.857,41.157,0.300,low,0.835,7
word,117,on,41.237,41.297,0.060,low,0.882,7
word,118,the,41.317,41.397,0.080,low,0.659,7
word,119,back,41.437,41.618,0.181,low,0.906,7
word,120,of,41.658,41.698,0.040,low,1.000,7
word,121,a,41.718,41.778,0.060,low,0.333,7
word,122,desktop,41.838,42.298,0.460,low,0.888,7
word,123,is,42.439,42.519,0.080,low,0.559,7
word,124,a,42.579,42.599,0.020,low,0.727,7
word,125,NIC.,42.759,43.280,0.521,high,0.844,7
word,126,And,44.021,44.101,0.080,low,0.961,8
word,127,the,44.121,44.201,0.080,low,0.833,8
word,128,card,44.241,44.461,0.220,low,0.915,8
word,129,we're,44.481,44.621,0.140,low,0.811,8
word,130,looking,44.641,44.902,0.261,low,0.832,8
word,131,at,44.982,45.062,0.080,low,0.853,8
word,132,right,45.122,45.282,0.160,low,0.793,8
word,133,now,45.342,45.542,0.200,low,0.997,8
word,134,is,45.723,45.783,0.060,low,0.758,8
word,135,a,45.843,45.863,0.020,low,0.907,8
word,136,NIC,46.023,46.524,0.501,medium,0.807,8
word,137,built,46.584,46.784,0.200,low,0.718,8
word,138,for,46.844,46.964,0.120,low,0.842,8
word,139,"servers,",47.024,47.425,0.401,low,0.824,8
word,140,a,47.985,48.005,0.020,low,0.812,8
word,141,PCIe,48.065,48.866,0.801,high,0.814,8
word,142,expansion,48.967,49.487,0.520,low,0.939,8
word,143,card,49.547,49.788,0.241,low,0.844,8
word,144,with,49.848,49.968,0.120,low,0.831,8
word,145,two,50.068,50.288,0.220,low,0.766,8
word,146,copper,50.388,50.729,0.341,low,0.922,8
word,147,Ethernet,50.829,51.189,0.360,low,0.863,8
word,148,ports,51.229,51.530,0.301,low,0.750,8
word,149,designed,52.030,52.391,0.361,low,0.854,8
word,150,to,52.431,52.491,0.060,low,0.631,8
word,151,move,52.551,52.731,0.180,low,0.871,8
word,152,packets,52.791,53.172,0.381,low,0.944,8
word,153,in,53.352,53.452,0.100,low,0.862,8
word,154,and,53.512,53.572,0.060,low,0.674,8
word,155,out,53.652,53.752,0.100,low,0.936,8
word,156,of,53.792,53.832,0.040,low,1.000,8
word,157,a,53.852,53.913,0.061,low,0.332,8
word,158,machine,53.973,54.333,0.360,low,0.883,8
word,159,as,54.453,54.533,0.080,low,0.784,8
word,160,fast,54.613,54.894,0.281,low,0.781,8
word,161,as,54.954,55.014,0.060,low,0.758,8
word,162,the,55.054,55.134,0.080,low,0.832,8
word,163,network,55.194,55.494,0.300,low,0.953,8
word,164,allows.,55.535,55.895,0.360,medium,0.984,8
word,165,Its,56.736,56.856,0.120,low,0.566,9
word,166,job,56.916,57.197,0.281,low,0.916,9
word,167,sounds,57.237,57.477,0.240,low,0.917,9
word,168,simple.,57.537,57.877,0.340,low,0.925,9
word,169,Take,58.378,58.578,0.200,low,0.806,10
word,170,bits,58.638,58.839,0.201,low,0.920,10
word,171,off,58.919,59.039,0.120,low,0.802,10
word,172,the,59.079,59.159,0.080,low,0.821,10
word,173,wire,59.199,59.519,0.320,low,0.652,10
word,174,and,59.599,59.680,0.081,low,0.835,10
word,175,hand,59.740,59.900,0.160,low,0.660,10
word,176,them,59.940,60.060,0.120,low,0.861,10
word,177,to,60.100,60.160,0.060,low,0.750,10
word,178,the,60.200,60.280,0.080,low,0.492,10
word,179,operating,60.380,60.741,0.361,low,0.886,10
word,180,"system,",60.801,61.141,0.340,low,0.862,10
word,181,and,61.562,61.662,0.100,low,0.514,10
word,182,take,61.702,61.882,0.180,low,0.836,10
word,183,data,61.942,62.203,0.261,low,0.927,10
word,184,from,62.243,62.343,0.100,low,0.999,10
word,185,the,62.363,62.443,0.080,low,0.500,10
word,186,operating,62.543,62.903,0.360,low,0.827,10
word,187,system,62.964,63.264,0.300,low,0.892,10
word,188,and,63.364,63.444,0.080,low,0.864,10
word,189,put,63.504,63.644,0.140,low,0.877,10
word,190,it,63.684,63.745,0.061,low,0.683,10
word,191,on,63.805,63.845,0.040,low,0.958,10
word,192,the,63.885,63.965,0.080,low,0.500,10
word,193,wire.,64.005,64.986,0.981,low,0.851,10
word,194,But,64.986,65.166,0.180,low,0.693,11
word,195,at,65.226,65.266,0.040,low,1.000,11
word,196,10,65.286,65.527,0.241,medium,0.736,11
word,197,gigabits,65.587,65.987,0.400,low,0.704,11
word,198,per,66.047,66.188,0.141,low,0.623,11
word,199,"second,",66.228,66.588,0.360,low,0.714,11
word,200,that's,66.929,67.109,0.180,low,0.878,11
word,201,up,67.189,67.249,0.060,low,0.996,11
word,202,to,67.289,67.349,0.060,low,0.796,11
word,203,14,67.369,67.850,0.481,high,0.733,11
word,204,million,67.950,68.271,0.321,low,0.901,11
word,205,packets,68.331,68.691,0.360,low,0.874,11
word,206,a,68.751,68.771,0.020,low,1.000,11
word,207,"second,",68.831,69.172,0.341,low,0.941,11
word,208,in,69.552,69.612,0.060,low,0.991,11
word,209,each,69.713,69.853,0.140,low,0.867,11
word,210,"direction,",69.913,70.353,0.440,low,0.847,11
word,211,with,70.734,70.854,0.120,low,0.875,11
word,212,almost,70.934,71.175,0.241,low,0.989,11
word,213,no,71.295,71.435,0.140,low,0.915,11
word,214,time,71.495,71.715,0.220,low,0.840,11
word,215,to,71.755,71.815,0.060,low,0.952,11
word,216,think,71.855,72.036,0.181,low,0.906,11
word,217,about,72.076,72.256,0.180,low,0.810,11
word,218,any,72.356,72.476,0.120,low,0.720,11
word,219,one,72.596,72.677,0.081,low,0.870,11
word,220,of,72.717,72.757,0.040,low,0.990,11
word,221,them.,72.817,72.977,0.160,low,0.931,11
word,222,Everything,73.878,74.239,0.361,low,0.844,12
word,223,about,74.299,74.479,0.180,low,0.655,12
word,224,this,74.519,74.659,0.140,low,0.724,12
word,225,card's,74.739,75.020,0.281,low,0.853,12
word,226,design,75.060,75.440,0.380,low,0.777,12
word,227,exists,75.541,75.961,0.420,low,0.874,12
word,228,to,76.041,76.121,0.080,low,0.833,12
word,229,make,76.161,76.322,0.161,low,0.836,12
word,230,that,76.342,76.482,0.140,low,0.840,12
word,231,possible.,76.542,76.982,0.440,low,0.834,12
word,232,So,77.623,77.744,0.121,low,0.568,13
word,233,let's,77.784,77.964,0.180,low,0.803,13
word,234,walk,78.004,78.224,0.220,low,0.936,13
word,235,"it,",78.284,78.344,0.060,low,0.994,13
word,236,part,78.605,78.805,0.200,low,0.708,13
word,237,by,78.845,78.945,0.100,low,0.660,13
word,238,part.,79.025,79.266,0.241,low,0.846,13
word,239,This,79.987,80.147,0.160,low,0.829,14
word,240,is,80.207,80.287,0.080,low,0.650,14
word,241,the,80.327,80.427,0.100,low,0.709,14
word,242,printed,80.467,80.788,0.321,low,0.958,14
word,243,circuit,80.848,81.168,0.320,low,0.843,14
word,244,"board,",81.208,81.489,0.281,low,0.810,14
word,245,the,81.849,81.949,0.100,low,0.830,14
word,246,green,81.989,82.270,0.281,low,0.803,14
word,247,backbone.,82.330,82.911,0.581,low,0.838,14
word,248,It's,83.632,83.752,0.120,low,0.742,15
word,249,not,83.792,83.932,0.140,low,0.718,15
word,250,just,83.972,84.132,0.160,low,0.687,15
word,251,a,84.192,84.212,0.020,low,0.847,15
word,252,mounting,84.272,84.633,0.361,low,0.931,15
word,253,"surface,",84.693,85.054,0.361,low,0.990,15
word,254,it's,85.494,85.594,0.100,low,0.680,15
word,255,a,85.654,85.674,0.020,low,0.978,15
word,256,signal,85.755,86.055,0.300,low,0.782,15
word,257,path,86.095,86.335,0.240,low,0.635,15
word,258,in,86.395,86.455,0.060,low,0.851,15
word,259,its,86.496,86.596,0.100,low,0.856,15
word,260,own,86.676,86.796,0.120,low,0.811,15
word,261,right.,86.856,87.076,0.220,low,0.915,15
word,262,Every,87.897,88.098,0.201,low,0.862,16
word,263,trace,88.158,88.418,0.260,low,0.814,16
word,264,you,88.458,88.558,0.100,low,0.996,16
word,265,can,88.598,88.719,0.121,low,0.905,16
word,266,see,88.779,88.999,0.220,low,0.784,16
word,267,is,89.019,89.199,0.180,low,0.544,16
word,268,a,89.259,89.279,0.020,low,1.000,16
word,269,controlled,89.339,89.820,0.481,low,0.851,16
word,270,impedance,89.860,90.341,0.481,low,0.754,16
word,271,track,90.381,90.641,0.260,low,0.767,16
word,272,carrying,90.741,91.122,0.381,low,0.719,16
word,273,either,91.202,91.402,0.200,low,0.549,16
word,274,a,91.442,91.462,0.020,low,0.994,16
word,275,differential,91.522,92.043,0.521,low,0.796,16
word,276,signal,92.103,92.424,0.321,low,0.645,16
word,277,pair,92.464,92.724,0.260,low,0.619,16
word,278,or,92.864,92.924,0.060,low,0.828,16
word,279,power.,93.004,94.146,1.142,low,0.900,16
word,280,On,94.146,94.366,0.220,low,0.592,17
word,281,a,94.427,94.447,0.020,low,1.000,17
word,282,card,94.507,94.727,0.220,low,0.921,17
word,283,like,94.767,94.907,0.140,low,0.758,17
word,284,"this,",94.968,95.208,0.240,low,0.832,17
word,285,getting,95.488,95.729,0.241,low,0.927,17
word,286,the,95.749,95.829,0.080,low,0.830,17
word,287,trace,95.909,96.190,0.281,low,0.834,17
word,288,lengths,96.250,96.530,0.280,low,0.872,17
word,289,and,96.610,96.671,0.061,low,0.869,17
word,290,spacing,96.731,97.151,0.420,low,0.918,17
word,291,wrong,97.192,97.472,0.280,low,0.773,17
word,292,is,97.592,97.652,0.060,low,0.675,17
word,293,enough,97.733,97.933,0.200,low,0.680,17
word,294,to,97.973,98.053,0.080,low,0.776,17
word,295,corrupt,98.093,98.394,0.301,low,0.806,17
word,296,data,98.454,98.734,0.280,low,0.940,17
word,297,at,98.794,98.834,0.040,low,0.900,17
word,298,these,98.875,99.075,0.200,low,0.565,17
word,299,"speeds,",99.115,99.496,0.381,low,0.877,17
word,300,so,100.117,100.217,0.100,low,0.831,17
word,301,the,100.257,100.317,0.060,low,1.000,17
word,302,copper,100.357,100.658,0.301,low,0.877,17
word,303,layout,100.718,101.018,0.300,low,0.935,17
word,304,is,101.099,101.159,0.060,low,0.760,17
word,305,engineered,101.239,101.620,0.381,low,0.832,17
word,306,almost,101.740,102.020,0.280,low,0.682,17
word,307,as,102.100,102.160,0.060,low,0.750,17
word,308,carefully,102.221,102.661,0.440,low,0.864,17
word,309,as,102.742,102.802,0.060,low,0.902,17
word,310,the,102.822,102.922,0.100,low,0.775,17
word,311,chip,102.982,103.262,0.280,low,0.823,17
word,312,sitting,103.303,103.563,0.260,low,0.881,17
word,313,on,103.623,103.683,0.060,low,0.999,17
word,314,top,103.743,103.964,0.221,low,0.910,17
word,315,of,104.024,104.064,0.040,low,0.975,17
word,316,it.,104.164,104.224,0.060,low,0.831,17
word,317,These,106.148,106.328,0.180,medium,0.699,18
word,318,are,106.388,106.448,0.060,low,0.969,18
word,319,the,106.488,106.568,0.080,low,0.507,18
word,320,two,106.629,106.809,0.180,low,0.950,18
word,321,RJ45,106.989,107.590,0.601,medium,0.789,18
word,322,"jacks,",107.951,108.271,0.320,low,0.819,18
word,323,the,108.692,108.792,0.100,low,0.695,18
word,324,physical,108.833,109.213,0.380,low,0.837,18
word,325,ports,109.293,109.594,0.301,low,0.960,18
word,326,your,109.634,109.734,0.100,low,0.688,18
word,327,Ethernet,109.814,110.175,0.361,low,0.777,18
word,328,cable,110.215,110.496,0.281,low,0.819,18
word,329,plugs,110.536,110.796,0.260,low,0.876,18
word,330,into.,110.876,111.898,1.022,low,0.969,18
word,331,Each,112.047,112.287,0.240,low,0.721,19
word,332,one,112.448,112.568,0.120,low,0.874,19
word,333,has,112.648,112.788,0.140,low,0.883,19
word,334,eight,112.828,113.109,0.281,low,0.659,19
word,335,gold,113.189,113.450,0.261,low,0.876,19
word,336,contacts,113.510,114.011,0.501,low,0.881,19
word,337,"inside,",114.091,114.492,0.401,low,0.955,19
word,338,wired,114.772,115.073,0.301,low,0.728,19
word,339,to,115.133,115.213,0.080,low,0.998,19
word,340,four,115.293,115.494,0.201,low,0.667,19
word,341,twisted,115.574,115.914,0.340,low,0.817,19
word,342,pairs,115.974,116.275,0.301,low,0.765,19
word,343,in,116.355,116.395,0.040,low,1.000,19
word,344,the,116.435,116.495,0.060,low,0.999,19
word,345,cable.,116.536,116.856,0.320,medium,0.642,19
word,346,At,117.698,117.758,0.060,low,0.673,20
word,347,10,117.778,118.038,0.260,medium,0.788,20
word,348,"gigabits,",118.098,118.619,0.521,low,0.886,20
word,349,this,118.840,118.980,0.140,low,0.801,20
word,350,port,119.080,119.341,0.261,low,0.884,20
word,351,uses,119.441,119.661,0.220,low,0.641,20
word,352,all,119.702,119.962,0.260,low,0.772,20
word,353,four,120.062,120.263,0.201,low,0.764,20
word,354,pairs,120.343,120.643,0.300,low,0.807,20
word,355,"simultaneously,",120.703,121.545,0.842,low,0.835,20
word,356,in,121.585,121.886,0.301,low,0.916,20
word,357,both,121.946,122.126,0.180,low,0.888,20
word,358,directions,122.186,122.607,0.421,low,0.765,20
word,359,at,122.687,122.727,0.040,low,0.998,20
word,360,"once,",122.908,123.088,0.180,low,0.912,20
word,361,encoding,123.509,123.930,0.421,low,0.790,20
word,362,data,123.990,124.270,0.280,low,0.939,20
word,363,as,124.370,124.430,0.060,low,0.746,20
word,364,16,124.451,125.032,0.581,high,0.821,20
word,365,distinct,125.092,125.493,0.401,low,0.734,20
word,366,voltage,125.553,125.933,0.380,low,0.892,20
word,367,levels,125.973,126.254,0.281,low,0.595,20
word,368,per,126.334,126.454,0.120,low,0.812,20
word,369,"symbol,",126.514,126.835,0.321,low,0.978,20
word,370,a,127.376,127.416,0.040,low,0.997,20
word,371,scheme,127.456,127.757,0.301,low,0.788,20
word,372,called,127.837,128.057,0.220,low,0.831,20
word,373,PAM16.,128.158,129.600,1.442,high,0.865,20
word,374,That's,129.640,130.662,1.022,low,0.821,21
word,375,how,130.702,130.783,0.081,low,0.977,21
word,376,you,130.803,130.943,0.140,low,0.819,21
word,377,squeeze,130.983,131.324,0.341,low,0.909,21
word,378,10,131.344,131.604,0.260,medium,0.792,21
word,379,gigabits,131.684,132.145,0.461,low,0.888,21
word,380,down,132.205,132.406,0.201,low,0.940,21
word,381,copper,132.466,132.806,0.340,low,0.879,21
word,382,that,132.867,132.967,0.100,low,0.774,21
word,383,was,133.027,133.107,0.080,low,0.998,21
word,384,originally,133.187,133.628,0.441,low,0.762,21
word,385,designed,133.688,134.049,0.361,low,0.869,21
word,386,for,134.109,134.209,0.100,low,0.742,21
word,387,one.,134.450,134.730,0.280,medium,0.809,21
word,388,The,136.482,136.662,0.180,medium,0.929,22
word,389,two,136.722,136.903,0.181,low,0.995,22
word,390,LEDs,137.143,137.644,0.501,medium,0.813,22
word,391,tell,137.724,137.864,0.140,low,0.875,22
word,392,you,137.904,137.984,0.080,low,1.000,22
word,393,what's,138.025,138.185,0.160,low,0.955,22
word,394,happening,138.225,138.606,0.381,low,0.834,22
word,395,"electrically,",138.666,139.186,0.520,low,0.793,22
word,396,green,139.707,139.988,0.281,low,0.893,22
word,397,for,140.048,140.188,0.140,low,0.876,22
word,398,"link,",140.248,140.909,0.661,low,0.862,22
word,399,a,140.929,140.969,0.040,low,0.998,22
word,400,valid,141.030,141.330,0.300,low,0.680,22
word,401,connection,141.370,141.771,0.401,low,0.754,22
word,402,has,141.811,141.911,0.100,low,0.916,22
word,403,been,141.931,142.071,0.140,low,0.752,22
word,404,"negotiated,",142.111,142.712,0.601,low,0.928,22
word,405,and,142.752,143.333,0.581,low,0.782,22
word,406,amber,143.373,143.774,0.401,low,0.883,22
word,407,flickering,143.854,144.275,0.421,low,0.814,22
word,408,for,144.335,144.435,0.100,low,0.810,22
word,409,"activity,",144.515,144.996,0.481,low,0.961,22
word,410,meaning,145.317,145.557,0.240,low,0.784,22
word,411,frames,145.637,145.958,0.321,low,0.715,22
word,412,are,146.018,146.098,0.080,low,0.618,22
word,413,actually,146.198,146.519,0.321,low,0.868,22
word,414,moving.,146.599,146.919,0.320,medium,0.861,22
word,415,Right,148.682,148.863,0.181,medium,0.757,23
word,416,behind,148.903,149.203,0.300,low,0.902,23
word,417,each,149.243,149.444,0.201,low,0.746,23
word,418,port,149.544,149.844,0.300,low,0.922,23
word,419,sits,149.944,150.085,0.141,low,0.795,23
word,420,a,150.105,150.145,0.040,low,0.496,23
word,421,pair,150.205,150.425,0.220,low,0.749,23
word,422,of,150.465,150.505,0.040,low,0.942,23
word,423,small,150.545,150.886,0.341,low,0.819,23
word,424,"transformers,",150.946,151.647,0.701,low,0.888,23
word,425,sometimes,152.008,152.449,0.441,low,0.778,23
word,426,called,152.529,152.769,0.240,low,0.854,23
word,427,the,152.789,152.869,0.080,low,0.832,23
word,428,magnetics.,152.929,153.951,1.022,low,0.858,23
word,429,Their,154.302,154.502,0.200,low,0.901,24
word,430,job,154.542,154.763,0.221,low,0.950,24
word,431,isn't,154.843,155.023,0.180,low,0.717,24
word,432,to,155.063,155.143,0.080,low,0.843,24
word,433,boost,155.183,155.444,0.261,low,0.754,24
word,434,the,155.464,155.564,0.100,low,0.769,24
word,435,"signal,",155.624,155.944,0.320,low,0.808,24
word,436,it's,156.305,156.405,0.100,low,0.602,24
word,437,isolation.,156.485,157.026,0.541,medium,0.911,24
word,438,They,157.807,157.927,0.120,low,0.990,25
word,439,galvanically,157.967,158.608,0.641,low,0.915,25
word,440,separate,158.668,159.088,0.420,low,0.780,25
word,441,this,159.108,159.269,0.161,low,0.669,25
word,442,card,159.329,159.589,0.260,low,0.887,25
word,443,from,159.629,159.729,0.100,low,0.940,25
word,444,the,159.769,159.849,0.080,low,0.506,25
word,445,"cable,",159.889,160.230,0.341,low,0.857,25
word,446,so,160.550,160.690,0.140,medium,0.817,25
word,447,a,160.750,160.771,0.021,low,0.997,25
word,448,ground,160.831,161.111,0.280,low,0.777,25
word,449,fault,161.171,161.431,0.260,low,0.740,25
word,450,or,161.532,161.612,0.080,low,0.504,25
word,451,power,161.692,162.012,0.320,low,0.838,25
word,452,surge,162.052,162.333,0.281,low,0.898,25
word,453,on,162.373,162.433,0.060,low,0.745,25
word,454,the,162.453,162.533,0.080,low,0.809,25
word,455,network,162.593,162.913,0.320,low,0.881,25
word,456,side,162.953,163.214,0.261,low,0.860,25
word,457,can't,163.314,163.554,0.240,low,0.794,25
word,458,reach,163.594,163.795,0.201,low,0.814,25
word,459,the,163.835,163.915,0.080,low,0.783,25
word,460,card,163.975,164.295,0.320,low,0.711,25
word,461,or,164.415,164.475,0.060,low,0.777,25
word,462,the,164.515,164.596,0.081,low,0.833,25
word,463,rest,164.636,164.816,0.180,low,0.765,25
word,464,of,164.856,164.896,0.040,low,1.000,25
word,465,your,164.936,165.056,0.120,low,0.873,25
word,466,machine.,165.096,165.477,0.381,medium,0.920,25
word,467,They,166.338,166.478,0.140,medium,0.694,26
word,468,also,166.538,166.778,0.240,low,0.913,26
word,469,reject,166.859,167.199,0.340,low,0.799,26
word,470,common,167.299,167.640,0.341,low,0.944,26
word,471,mode,167.680,167.920,0.240,low,0.869,26
word,472,noise,167.980,168.300,0.320,low,0.890,26
word,473,picked,168.401,168.601,0.200,low,0.930,26
word,474,up,168.661,168.721,0.060,low,0.828,26
word,475,along,168.801,169.021,0.220,low,0.785,26
word,476,the,169.041,169.101,0.060,low,0.675,26
word,477,cable.,169.142,169.462,0.320,medium,0.791,26
word,478,"Unglamorous,",170.363,171.004,0.641,medium,0.889,27
word,479,but,171.224,171.344,0.120,low,0.847,27
word,480,every,171.465,171.665,0.200,low,0.923,27
word,481,wired,171.725,172.045,0.320,low,0.884,27
word,482,Ethernet,172.125,172.486,0.361,low,0.730,27
word,483,port,172.526,172.746,0.220,low,0.852,27
word,484,has,172.786,172.987,0.201,low,0.875,27
word,485,them.,173.047,173.207,0.160,medium,0.929,27
word,486,Under,175.210,175.350,0.140,medium,0.773,28
word,487,the,175.390,175.470,0.080,low,0.830,28
word,488,heatsink,175.530,175.991,0.461,low,0.748,28
word,489,is,176.111,176.171,0.060,low,0.762,28
word,490,the,176.211,176.291,0.080,low,0.832,28
word,491,physical,176.331,176.712,0.381,low,0.941,28
word,492,layer,176.752,176.992,0.240,low,0.780,28
word,493,"chip,",177.032,177.272,0.240,low,0.934,28
word,494,or,177.533,177.613,0.080,low,0.727,28
word,495,PHY.,177.713,178.474,0.761,high,0.924,28
word,496,This,179.255,179.395,0.140,low,0.845,29
word,497,is,179.455,179.515,0.060,low,0.880,29
word,498,where,179.555,179.695,0.140,low,0.795,29
word,499,the,179.715,179.796,0.081,low,0.547,29
word,500,analog,179.916,180.316,0.400,low,0.686,29
word,501,world,180.356,180.597,0.241,low,0.774,29
word,502,meets,180.717,180.917,0.200,low,0.841,29
word,503,the,180.957,181.057,0.100,low,0.734,29
word,504,digital,181.117,181.478,0.361,low,0.958,29
word,505,world.,181.518,182.419,0.901,low,0.758,29
word,506,On,182.500,182.680,0.180,low,0.918,30
word,507,"receive,",182.740,183.201,0.461,low,0.864,30
word,508,it,183.481,183.521,0.040,low,0.844,30
word,509,takes,183.581,183.801,0.220,low,0.798,30
word,510,the,183.821,183.942,0.121,low,0.715,30
word,511,raw,184.022,184.282,0.260,medium,0.891,30
word,512,electrical,184.362,184.822,0.460,low,0.787,30
word,513,waveform,184.882,185.363,0.481,low,0.919,30
word,514,off,185.443,185.563,0.120,low,0.721,30
word,515,the,185.603,185.663,0.060,low,0.676,30
word,516,cable,185.723,186.044,0.321,low,0.703,30
word,517,"and,",186.304,186.444,0.140,low,0.680,30
word,518,through,186.764,186.985,0.221,low,0.797,30
word,519,fairly,187.045,187.345,0.300,low,0.852,30
word,520,heavy,187.425,187.645,0.220,low,0.794,30
word,521,digital,187.705,188.046,0.341,low,0.964,30
word,522,signal,188.106,188.386,0.280,low,0.937,30
word,523,"processing,",188.426,188.987,0.561,low,0.851,30
word,524,echo,189.407,189.627,0.220,low,0.918,30
word,525,"cancellation,",189.647,190.268,0.621,low,0.942,30
word,526,crosstalk,190.608,191.089,0.481,low,0.727,30
word,527,"cancellation,",191.129,191.750,0.621,low,0.924,30
word,528,error,192.190,192.390,0.200,low,0.863,30
word,529,correcting,192.450,192.851,0.401,low,0.841,30
word,530,"decoding,",192.891,193.331,0.440,low,0.741,30
word,531,turns,193.832,194.052,0.220,low,0.792,30
word,532,it,194.112,194.152,0.040,low,0.871,30
word,533,back,194.212,194.412,0.200,low,0.862,30
word,534,into,194.472,194.633,0.161,low,0.941,30
word,535,clean,194.693,194.953,0.260,low,0.936,30
word,536,bits.,195.033,195.293,0.260,medium,0.805,30
word,537,On,196.214,196.274,0.060,low,0.926,31
word,538,"transmit,",196.354,196.855,0.501,low,0.869,31
word,539,it,197.095,197.155,0.060,low,0.750,31
word,540,does,197.195,197.355,0.160,low,0.648,31
word,541,the,197.396,197.476,0.080,low,0.700,31
word,542,"reverse,",197.536,198.537,1.001,low,0.886,31
word,543,takes,198.557,198.797,0.240,low,0.883,31
word,544,bits,198.877,199.097,0.220,low,0.943,31
word,545,and,199.177,199.257,0.080,low,0.971,31
word,546,shapes,199.338,199.598,0.260,low,0.966,31
word,547,them,199.638,199.778,0.140,low,0.898,31
word,548,into,199.838,199.978,0.140,low,0.900,31
word,549,that,200.038,200.158,0.120,low,0.989,31
word,550,same,200.259,200.539,0.280,low,0.958,31
word,551,16-level,200.559,201.360,0.801,low,0.845,31
word,552,signal.,201.400,201.720,0.320,medium,0.898,31
word,553,This,203.522,203.662,0.140,medium,0.791,32
word,554,chip,203.742,203.962,0.220,low,0.969,32
word,555,runs,204.022,204.223,0.201,low,0.704,32
word,556,"hot,",204.263,204.583,0.320,medium,0.903,32
word,557,which,204.943,205.084,0.141,low,0.762,32
word,558,is,205.144,205.204,0.060,low,0.873,32
word,559,exactly,205.284,205.724,0.440,low,0.893,32
word,560,why,205.784,205.964,0.180,low,0.584,32
word,561,it's,205.984,206.105,0.121,low,0.710,32
word,562,the,206.145,206.205,0.060,low,0.669,32
word,563,one,206.325,206.425,0.100,low,0.966,32
word,564,hiding,206.505,206.825,0.320,low,0.898,32
word,565,under,206.885,207.026,0.141,low,0.984,32
word,566,the,207.066,207.126,0.060,low,0.687,32
word,567,heatsink,207.186,207.666,0.480,low,0.800,32
word,568,and,207.927,208.007,0.080,low,0.921,32
word,569,not,208.087,208.287,0.200,low,0.908,32
word,570,out,208.367,208.467,0.100,low,0.997,32
word,571,in,208.507,208.547,0.040,low,0.996,32
word,572,the,208.587,208.667,0.080,low,0.541,32
word,573,open,208.747,208.948,0.201,low,0.824,32
word,574,air.,209.048,209.368,0.320,low,0.754,32
word,575,This,211.120,211.320,0.200,medium,0.713,33
word,576,is,211.400,211.461,0.061,low,0.728,33
word,577,the,211.521,211.601,0.080,low,0.828,33
word,578,brain,211.661,211.901,0.240,low,0.853,33
word,579,of,211.921,211.981,0.060,low,0.857,33
word,580,the,212.002,212.082,0.080,low,0.833,33
word,581,"card,",212.122,212.442,0.320,low,0.815,33
word,582,the,212.883,212.983,0.100,low,0.741,33
word,583,Ethernet,213.083,213.464,0.381,low,0.872,33
word,584,"controller,",213.504,213.985,0.481,low,0.868,33
word,585,sometimes,214.406,214.866,0.460,low,0.769,33
word,586,just,214.927,215.107,0.180,low,0.742,33
word,587,called,215.167,215.387,0.220,low,0.895,33
word,588,the,215.427,215.488,0.061,low,0.921,33
word,589,Mac.,215.568,215.848,0.280,medium,0.930,33
word,590,Once,216.870,217.010,0.140,low,0.787,34
word,591,the,217.070,217.150,0.080,low,0.652,34
word,592,feature,217.210,217.511,0.301,low,0.673,34
word,593,hands,217.551,217.771,0.220,low,0.721,34
word,594,it,217.852,217.892,0.040,low,0.998,34
word,595,clean,217.952,218.192,0.240,low,0.931,34
word,596,"bits,",218.252,218.513,0.261,low,0.877,34
word,597,the,218.853,218.953,0.100,low,0.687,34
word,598,controller,218.994,219.414,0.420,low,0.777,34
word,599,does,219.474,219.615,0.141,low,0.767,34
word,600,the,219.675,219.755,0.080,low,0.965,34
word,601,real,219.835,220.035,0.200,low,0.759,34
word,602,networking,220.115,220.576,0.461,low,0.810,34
word,603,work.,220.616,220.817,0.201,low,0.847,34
word,604,It,221.458,221.518,0.060,low,0.750,35
word,605,checks,221.578,221.838,0.260,low,0.815,35
word,606,the,221.899,221.959,0.060,low,0.867,35
word,607,frame's,222.019,222.279,0.260,low,0.801,35
word,608,"checksum,",222.359,222.840,0.481,low,0.907,35
word,609,figures,223.281,223.602,0.321,low,0.827,35
word,610,out,223.662,223.762,0.100,low,0.827,35
word,611,which,223.822,223.982,0.160,low,0.618,35
word,612,receive,224.062,224.423,0.361,low,0.765,35
word,613,queue,224.463,224.663,0.200,low,0.439,35
word,614,the,224.703,224.784,0.081,low,0.834,35
word,615,packet,224.824,225.124,0.300,low,0.909,35
word,616,should,225.144,225.304,0.160,low,0.806,35
word,617,go,225.345,225.445,0.100,low,0.986,35
word,618,"into,",225.525,225.785,0.260,low,0.957,35
word,619,"and,",226.246,226.406,0.160,low,0.789,35
word,620,"critically,",226.687,227.128,0.441,low,0.793,35
word,621,it,227.568,227.628,0.060,low,0.775,35
word,622,talks,227.669,227.929,0.260,low,0.976,35
word,623,to,227.969,228.049,0.080,low,0.749,35
word,624,the,228.089,228.149,0.060,low,0.991,35
word,625,host,228.209,228.430,0.221,low,0.698,35
word,626,computer's,228.490,228.911,0.421,low,0.827,35
word,627,memory,228.991,229.311,0.320,low,0.841,35
word,628,directly,229.331,229.812,0.481,low,0.729,35
word,629,over,229.912,230.073,0.161,low,0.935,35
word,630,"PCIe,",230.153,231.094,0.941,high,0.877,35
word,631,without,231.495,231.796,0.301,low,0.754,35
word,632,waiting,231.856,232.116,0.260,low,0.901,35
word,633,for,232.156,232.236,0.080,low,0.977,35
word,634,the,232.276,232.357,0.081,low,0.831,35
word,635,CPU,232.397,232.837,0.440,medium,0.884,35
word,636,to,232.898,232.978,0.080,low,0.954,35
word,637,babysit,233.038,233.499,0.461,low,0.931,35
word,638,every,233.539,233.799,0.260,low,0.846,35
word,639,packet.,233.839,234.360,0.521,medium,0.872,35
word,640,It,235.724,235.864,0.140,medium,0.845,36
word,641,also,235.945,236.185,0.240,low,0.896,36
word,642,runs,236.266,236.486,0.220,low,0.693,36
word,643,offload,236.526,237.068,0.542,low,0.886,36
word,644,"logic,",237.088,237.489,0.401,low,0.884,36
word,645,checksum,238.010,238.452,0.442,low,0.854,36
word,646,"calculation,",238.492,239.174,0.682,low,0.871,36
word,647,segmentation,239.575,240.257,0.682,low,0.900,36
word,648,for,240.297,240.397,0.100,low,0.720,36
word,649,large,240.478,240.758,0.280,low,0.928,36
word,650,"packets,",240.818,241.260,0.442,low,0.897,36
word,651,VLAN,241.701,242.122,0.421,medium,0.894,36
word,652,"tagging,",242.162,242.543,0.381,low,0.940,36
word,653,tasks,243.145,243.546,0.401,low,0.885,36
word,654,that,243.586,243.707,0.121,low,0.839,36
word,655,used,243.807,243.947,0.140,low,0.813,36
word,656,to,243.987,244.028,0.041,low,0.998,36
word,657,be,244.068,244.168,0.100,low,0.768,36
word,658,pure,244.288,244.569,0.281,low,0.757,36
word,659,CPU,244.649,245.171,0.522,medium,0.859,36
word,660,"work,",245.231,245.492,0.261,low,0.877,36
word,661,now,245.913,246.093,0.180,low,0.988,36
word,662,done,246.154,246.314,0.160,low,0.798,36
word,663,in,246.354,246.414,0.060,low,0.991,36
word,664,silicon,246.475,246.956,0.481,low,0.831,36
word,665,so,246.996,247.096,0.100,low,0.998,36
word,666,the,247.136,247.217,0.081,low,0.982,36
word,667,processor,247.257,247.778,0.521,low,0.788,36
word,668,is,247.858,247.919,0.061,low,0.760,36
word,669,free,248.019,248.199,0.180,low,0.730,36
word,670,to,248.220,248.280,0.060,low,0.557,36
word,671,run,248.340,248.480,0.140,low,0.842,36
word,672,your,248.520,248.641,0.121,low,0.810,36
word,673,application.,248.701,249.463,0.762,medium,0.842,36
word,674,A,251.198,251.358,0.160,high,0.541,37
word,675,quick,251.378,251.599,0.221,low,0.957,37
word,676,word,251.639,251.860,0.221,low,0.918,37
word,677,on,251.900,251.940,0.040,low,0.904,37
word,678,the,251.980,252.040,0.060,low,0.850,37
word,679,heatsink.,252.100,253.244,1.144,low,0.796,37
word,680,It's,253.264,253.364,0.100,low,0.755,38
word,681,finned,253.484,253.765,0.281,low,0.872,38
word,682,"aluminum,",253.845,254.327,0.482,low,0.900,38
word,683,clipped,254.728,254.988,0.260,low,0.805,38
word,684,down,255.069,255.289,0.220,low,0.872,38
word,685,with,255.329,255.450,0.121,low,0.872,38
word,686,spring-loaded,255.530,256.112,0.582,low,0.728,38
word,687,"pushpins,",256.172,256.713,0.541,low,0.931,38
word,688,so,257.074,257.174,0.100,low,0.990,38
word,689,it,257.215,257.275,0.060,low,0.742,38
word,690,applies,257.315,257.636,0.321,low,0.812,38
word,691,constant,257.756,258.217,0.461,low,0.807,38
word,692,pressure,258.257,258.598,0.341,low,0.748,38
word,693,even,258.759,258.919,0.160,low,0.786,38
word,694,as,258.979,259.040,0.061,low,0.838,38
word,695,the,259.100,259.160,0.060,low,0.838,38
word,696,board,259.220,259.461,0.241,low,0.651,38
word,697,flexes,259.521,259.922,0.401,low,0.915,38
word,698,slightly,259.982,260.343,0.361,low,0.723,38
word,699,with,260.383,260.504,0.121,low,0.859,38
word,700,heat.,260.564,260.804,0.240,low,0.925,38
word,701,It's,261.727,261.827,0.100,low,0.754,39
word,702,"passive,",261.908,262.369,0.461,low,0.926,39
word,703,no,262.750,262.890,0.140,low,0.806,39
word,704,"fan,",262.991,263.291,0.300,medium,0.999,39
word,705,so,263.753,263.873,0.120,medium,0.828,39
word,706,it,263.913,263.973,0.060,low,0.749,39
word,707,depends,264.013,264.334,0.321,low,0.855,39
word,708,entirely,264.394,264.896,0.502,low,0.793,39
word,709,on,265.016,265.056,0.040,low,0.997,39
word,710,airflow,265.096,265.618,0.522,low,0.803,39
word,711,moving,265.678,265.939,0.261,low,0.726,39
word,712,through,265.979,266.159,0.180,low,0.813,39
word,713,the,266.179,266.239,0.060,low,0.999,39
word,714,server,266.300,266.580,0.280,low,0.875,39
word,715,chassis.,266.621,267.182,0.561,medium,0.892,39
word,716,And,268.968,269.088,0.120,medium,0.524,40
word,717,this,269.128,269.288,0.160,low,0.732,40
word,718,gold,269.409,269.669,0.260,low,0.820,40
word,719,comb,269.749,269.989,0.240,low,0.788,40
word,720,at,270.029,270.069,0.040,low,0.997,40
word,721,the,270.089,270.210,0.121,low,0.611,40
word,722,end,270.330,270.470,0.140,low,0.956,40
word,723,is,270.510,270.690,0.180,low,0.601,40
word,724,the,270.750,270.810,0.060,low,0.989,40
word,725,PCIe,270.870,271.711,0.841,high,0.805,40
word,726,edge,271.852,271.992,0.140,low,0.986,40
word,727,"connector,",272.032,272.452,0.420,low,0.934,40
word,728,8,272.472,272.492,0.020,low,0.980,40
word,729,lanes,273.253,273.534,0.281,medium,0.794,40
word,730,worth,273.554,273.714,0.160,low,0.855,40
word,731,of,273.754,273.794,0.040,low,1.000,40
word,732,contacts.,273.854,275.216,1.362,low,0.942,40
word,733,This,275.236,275.376,0.140,low,0.877,41
word,734,is,275.436,275.496,0.060,low,0.752,41
word,735,the,275.536,275.616,0.080,low,0.831,41
word,736,card's,275.656,275.957,0.301,low,0.792,41
word,737,only,276.137,276.317,0.180,low,0.798,41
word,738,connection,276.397,276.778,0.381,low,0.937,41
word,739,to,276.798,276.878,0.080,low,0.743,41
word,740,the,276.898,276.978,0.080,low,0.820,41
word,741,rest,277.038,277.218,0.180,low,0.830,41
word,742,of,277.258,277.298,0.040,low,0.999,41
word,743,the,277.338,277.418,0.080,low,0.833,41
word,744,"computer,",277.458,277.919,0.461,low,0.899,41
word,745,and,278.400,278.480,0.080,low,0.924,41
word,746,everything,278.640,278.980,0.340,low,0.862,41
word,747,the,279.000,279.080,0.080,low,0.819,41
word,748,controller,279.140,279.561,0.421,low,0.868,41
word,749,does,279.621,279.861,0.240,low,0.650,41
word,750,eventually,279.901,280.482,0.581,low,0.830,41
word,751,funnels,280.562,280.843,0.281,low,0.925,41
word,752,through,280.903,281.123,0.220,low,0.732,41
word,753,here.,281.163,281.363,0.200,low,0.761,41
word,754,We'll,282.244,282.384,0.140,low,0.833,42
word,755,come,282.424,282.565,0.141,low,0.604,42
word,756,back,282.605,282.765,0.160,low,0.730,42
word,757,to,282.805,282.885,0.080,low,0.614,42
word,758,it,282.965,283.005,0.040,low,0.998,42
word,759,in,283.065,283.105,0.040,low,0.994,42
word,760,a,283.145,283.185,0.040,low,0.500,42
word,761,"minute,",283.225,283.486,0.261,low,0.880,42
word,762,because,283.826,284.066,0.240,low,0.904,42
word,763,it's,284.107,284.227,0.120,low,0.808,42
word,764,the,284.287,284.347,0.060,low,0.987,42
word,765,key,284.407,284.607,0.200,low,0.996,42
word,766,to,284.627,284.687,0.060,low,0.853,42
word,767,how,284.747,284.887,0.140,low,0.963,42
word,768,packets,284.948,285.328,0.380,low,0.864,42
word,769,actually,285.488,285.789,0.301,low,0.867,42
word,770,get,285.849,285.969,0.120,low,0.965,42
word,771,to,285.989,286.069,0.080,low,0.723,42
word,772,your,286.109,286.229,0.120,low,0.851,42
word,773,software.,286.269,286.810,0.541,medium,0.834,42
word,774,The,288.792,288.892,0.100,medium,0.801,43
word,775,metal,288.952,289.153,0.201,low,0.982,43
word,776,bracket,289.213,289.553,0.340,low,0.849,43
word,777,on,289.613,289.653,0.040,low,1.000,43
word,778,the,289.673,289.753,0.080,low,0.833,43
word,779,back,289.814,290.034,0.220,low,0.854,43
word,780,simply,290.134,290.434,0.300,low,0.814,43
word,781,anchors,290.615,290.875,0.260,low,0.881,43
word,782,the,290.915,290.995,0.080,low,0.833,43
word,783,card,291.055,291.275,0.220,low,0.861,43
word,784,to,291.315,291.375,0.060,low,0.794,43
word,785,the,291.415,291.496,0.081,low,0.833,43
word,786,chassis,291.536,291.996,0.460,low,0.870,43
word,787,and,292.377,292.457,0.080,low,0.944,43
word,788,exposes,292.517,293.058,0.541,low,0.806,43
word,789,the,293.098,293.178,0.080,low,0.652,43
word,790,two,293.238,293.398,0.160,low,0.955,43
word,791,ports,293.458,293.718,0.260,low,0.804,43
word,792,through,293.758,293.939,0.181,low,0.631,43
word,793,the,293.959,294.019,0.060,low,0.683,43
word,794,case.,294.059,294.359,0.300,medium,0.928,43
word,795,"Mechanical,",295.040,295.581,0.541,medium,0.892,44
word,796,but,295.921,296.021,0.100,low,0.972,44
word,797,it,296.081,296.121,0.040,low,0.998,44
word,798,also,296.201,296.462,0.261,low,0.874,44
word,799,grounds,296.542,296.842,0.300,low,0.822,44
word,800,the,296.882,296.962,0.080,low,0.800,44
word,801,port,297.022,297.263,0.241,low,0.874,44
word,802,shields,297.283,297.563,0.280,low,0.864,44
word,803,to,297.603,297.683,0.080,low,0.490,44
word,804,the,297.723,297.783,0.060,low,0.671,44
word,805,chassis.,297.823,298.384,0.561,medium,0.702,44
word,806,So,300.119,300.319,0.200,medium,0.670,45
word,807,why,300.399,300.560,0.161,low,0.934,45
word,808,does,300.600,300.720,0.120,low,0.467,45
word,809,a,300.800,300.840,0.040,low,0.875,45
word,810,server,300.900,301.181,0.281,low,0.851,45
word,811,need,301.241,301.381,0.140,low,0.988,45
word,812,a,301.421,301.441,0.020,low,1.000,45
word,813,card,301.501,301.761,0.260,low,0.873,45
word,814,like,301.801,301.962,0.161,low,0.587,45
word,815,this,302.002,302.202,0.200,low,0.769,45
word,816,instead,302.302,302.542,0.240,low,0.856,45
word,817,of,302.562,302.623,0.061,low,0.750,45
word,818,the,302.643,302.743,0.100,low,0.776,45
word,819,cheap,302.783,303.023,0.240,low,0.796,45
word,820,Ethernet,303.123,303.504,0.381,low,0.788,45
word,821,port,303.544,303.784,0.240,low,0.900,45
word,822,built,303.844,304.045,0.201,low,0.734,45
word,823,into,304.085,304.245,0.160,low,0.652,45
word,824,a,304.285,304.325,0.040,low,0.163,45
word,825,motherboard?,304.385,304.866,0.481,low,0.846,45
word,826,Three,305.687,305.927,0.240,low,0.740,46
word,827,reasons.,305.967,306.328,0.361,low,0.840,46
word,828,"Throughput,",306.949,307.449,0.500,medium,0.721,47
word,829,"offload,",307.930,308.351,0.421,low,0.922,47
word,830,and,308.611,308.691,0.080,low,0.834,47
word,831,control.,308.751,309.172,0.421,medium,0.721,47
word,832,A,310.173,310.193,0.020,low,0.862,48
word,833,dedicated,310.253,310.754,0.501,low,0.895,48
word,834,NIC,310.894,311.355,0.461,medium,0.794,48
word,835,can,311.395,311.535,0.140,low,0.871,48
word,836,push,311.575,311.756,0.181,low,0.981,48
word,837,far,311.876,312.116,0.240,low,0.837,48
word,838,more,312.176,312.316,0.140,low,0.737,48
word,839,traffic,312.396,312.757,0.361,low,0.893,48
word,840,than,312.797,312.917,0.120,low,0.802,48
word,841,an,312.957,313.017,0.060,low,0.750,48
word,842,onboard,313.158,313.478,0.320,low,0.776,48
word,843,controller.,313.538,313.999,0.461,low,0.859,48
word,844,It,314.620,314.660,0.040,low,0.888,49
word,845,takes,314.720,314.920,0.200,low,0.770,49
word,846,real,314.960,315.321,0.361,low,0.870,49
word,847,work,315.381,315.601,0.220,low,0.771,49
word,848,off,315.681,315.801,0.120,low,0.941,49
word,849,the,315.821,315.901,0.080,low,0.817,49
word,850,CPU,315.962,316.502,0.540,medium,0.850,49
word,851,through,316.522,316.703,0.181,low,0.846,49
word,852,those,316.723,316.883,0.160,low,0.770,49
word,853,offloads,316.903,317.444,0.541,low,0.717,49
word,854,we,317.504,317.604,0.100,low,0.987,49
word,855,just,317.644,317.784,0.140,low,0.960,49
word,856,mentioned.,317.844,318.185,0.341,low,0.917,49
word,857,"And,",318.745,318.906,0.161,medium,0.843,50
word,858,for,319.306,319.406,0.100,low,0.948,50
word,859,the,319.446,319.507,0.061,low,0.851,50
word,860,kind,319.547,319.747,0.200,low,0.790,50
word,861,of,319.787,319.827,0.040,low,1.000,50
word,862,software,319.887,320.288,0.401,low,0.811,50
word,863,this,320.308,320.448,0.140,low,0.783,50
word,864,card,320.488,320.668,0.180,low,0.869,50
word,865,is,320.728,320.788,0.060,low,0.628,50
word,866,built,320.828,321.029,0.201,low,0.731,50
word,867,"for,",321.069,321.269,0.200,low,0.830,50
word,868,it,321.850,321.890,0.040,low,1.000,50
word,869,can,321.930,322.030,0.100,low,0.996,50
word,870,be,322.070,322.150,0.080,low,0.790,50
word,871,driven,322.190,322.451,0.261,low,0.753,50
word,872,directly,322.471,322.992,0.521,low,0.714,50
word,873,by,323.052,323.172,0.120,low,0.886,50
word,874,an,323.232,323.272,0.040,low,1.000,50
word,875,application,323.392,323.973,0.581,low,0.910,50
word,876,instead,324.013,324.614,0.601,low,0.685,50
word,877,of,324.654,324.694,0.040,low,0.998,50
word,878,the,324.734,324.814,0.080,low,0.528,50
word,879,operating,324.954,325.355,0.401,low,0.828,50
word,880,system's,325.415,325.755,0.340,low,0.706,50
word,881,general-purpose,325.876,326.597,0.721,low,0.857,50
word,882,network,326.657,326.997,0.340,low,0.851,50
word,883,stack.,327.037,327.578,0.541,low,0.975,50
word,884,That,328.368,328.528,0.160,low,0.736,51
word,885,last,328.608,328.869,0.261,low,0.858,51
word,886,point,328.949,329.149,0.200,low,0.892,51
word,887,matters,329.209,329.470,0.261,low,0.919,51
word,888,a,329.530,329.570,0.040,low,0.741,51
word,889,"lot,",329.610,329.830,0.220,low,0.906,51
word,890,and,330.191,330.271,0.080,low,0.873,51
word,891,it's,330.311,330.411,0.100,low,0.728,51
word,892,where,330.431,330.611,0.180,low,0.878,51
word,893,things,330.651,330.872,0.221,low,0.840,51
word,894,get,330.912,331.032,0.120,low,0.792,51
word,895,interesting.,331.112,331.593,0.481,low,0.917,51
word,896,Let's,332.414,332.594,0.180,low,0.798,52
word,897,follow,332.654,332.935,0.281,low,0.823,52
word,898,an,332.995,333.035,0.040,low,0.996,52
word,899,actual,333.175,333.496,0.321,low,0.872,52
word,900,packet.,333.536,333.896,0.360,medium,0.867,52
word,901,Let's,335.799,335.999,0.200,medium,0.760,53
word,902,trace,336.059,336.280,0.221,low,0.753,53
word,903,one,336.460,336.560,0.100,low,0.840,53
word,904,"packet,",336.620,336.981,0.361,low,0.935,53
word,905,start,337.241,337.481,0.240,low,0.850,53
word,906,to,337.522,337.602,0.080,low,0.494,53
word,907,"finish,",337.642,337.922,0.280,low,0.944,53
word,908,the,338.243,338.343,0.100,low,0.704,53
word,909,way,338.383,338.483,0.100,low,0.830,53
word,910,it,338.523,338.583,0.060,low,0.750,53
word,911,happens,338.643,338.944,0.301,low,0.860,53
word,912,for,339.004,339.124,0.120,low,0.994,53
word,913,real.,339.184,339.424,0.240,high,0.916,53
word,914,Step,341.207,341.447,0.240,medium,0.807,54
word,915,"one,",341.608,341.708,0.100,low,0.910,54
word,916,the,342.188,342.269,0.081,low,0.990,54
word,917,cable.,342.309,342.649,0.340,medium,0.939,54
word,918,A,343.590,343.631,0.041,low,0.979,55
word,919,frame,343.731,343.991,0.260,low,0.854,55
word,920,arrives,344.051,344.432,0.381,low,0.828,55
word,921,as,344.512,344.572,0.060,low,0.879,55
word,922,an,344.632,344.672,0.040,low,1.000,55
word,923,electrical,344.732,345.193,0.461,low,0.830,55
word,924,waveform,345.253,345.754,0.501,low,0.886,55
word,925,on,345.854,345.894,0.040,low,0.996,55
word,926,the,345.934,345.994,0.060,low,1.000,55
word,927,twisted,346.034,346.395,0.361,low,0.773,55
word,928,pairs.,346.435,346.775,0.340,medium,0.828,55
word,929,Step,348.778,349.018,0.240,medium,0.746,56
word,930,"two,",349.059,349.279,0.220,medium,0.924,56
word,931,RJ45,349.960,350.581,0.621,high,0.780,56
word,932,and,351.001,351.082,0.081,low,0.971,56
word,933,magnetics.,351.142,351.642,0.500,medium,0.859,56
word,934,It,352.444,352.504,0.060,low,0.746,57
word,935,enters,352.584,352.804,0.220,low,0.791,57
word,936,the,352.844,352.924,0.080,low,0.501,57
word,937,"port,",352.984,353.265,0.281,low,0.933,57
word,938,passes,353.685,354.046,0.361,low,0.915,57
word,939,through,354.086,354.266,0.180,low,0.848,57
word,940,the,354.286,354.366,0.080,low,0.604,57
word,941,isolation,354.467,354.967,0.500,low,0.853,57
word,942,"transformers,",355.007,355.608,0.601,low,0.958,57
word,943,and,355.969,356.049,0.080,low,0.957,57
word,944,reaches,356.129,356.409,0.280,low,0.814,57
word,945,the,356.449,356.550,0.101,low,0.772,57
word,946,PHY.,356.610,357.531,0.921,high,0.805,57
word,947,Step,359.249,359.570,0.321,medium,0.715,58
word,948,"three,",359.610,359.870,0.260,low,0.834,58
word,949,the,360.311,360.412,0.101,low,0.804,58
word,950,PHY.,360.452,361.133,0.681,high,0.908,58
word,951,The,361.875,361.955,0.080,low,0.989,59
word,952,PHY,362.015,362.637,0.622,high,0.871,59
word,953,decodes,362.717,363.198,0.481,low,0.956,59
word,954,the,363.238,363.338,0.100,low,0.778,59
word,955,waveform,363.378,363.840,0.462,low,0.838,59
word,956,back,363.900,364.080,0.180,low,0.979,59
word,957,into,364.120,364.260,0.140,low,0.899,59
word,958,clean,364.361,364.681,0.320,low,0.814,59
word,959,digital,364.742,365.082,0.340,low,0.851,59
word,960,bits,365.122,365.343,0.221,low,0.938,59
word,961,and,365.724,365.804,0.080,low,0.668,59
word,962,hands,365.864,366.105,0.241,low,0.708,59
word,963,them,366.145,366.265,0.120,low,0.748,59
word,964,off,366.345,366.466,0.121,low,0.565,59
word,965,on,366.546,366.586,0.040,low,0.862,59
word,966,a,366.646,366.666,0.020,low,0.995,59
word,967,simple,366.766,367.047,0.281,low,0.923,59
word,968,internal,367.127,367.468,0.341,low,0.964,59
word,969,bus.,367.528,367.789,0.261,low,0.860,59
word,970,Step,368.129,368.370,0.241,low,0.778,60
word,971,"four,",368.450,368.711,0.261,low,0.807,60
word,972,the,369.031,369.112,0.081,low,0.981,60
word,973,controller.,369.152,369.653,0.501,medium,0.827,60
word,974,The,370.655,370.735,0.080,low,0.996,61
word,975,controller,370.795,371.236,0.441,low,0.756,61
word,976,checks,371.297,371.557,0.260,low,0.676,61
word,977,the,371.617,371.677,0.060,low,0.895,61
word,978,frame,371.738,371.958,0.220,low,0.996,61
word,979,is,372.018,372.078,0.060,low,0.703,61
word,980,"valid,",372.139,372.479,0.340,low,0.937,61
word,981,and,372.820,372.920,0.100,low,0.664,61
word,982,here's,372.960,373.181,0.221,low,0.766,61
word,983,the,373.221,373.321,0.100,low,0.676,61
word,984,first,373.361,373.602,0.241,low,0.858,61
word,985,real,373.662,373.862,0.200,low,0.804,61
word,986,decision,373.903,374.283,0.380,low,0.836,61
word,987,point.,374.324,374.564,0.240,low,0.838,61
word,988,It,375.206,375.246,0.040,low,0.842,62
word,989,decides,375.306,375.707,0.401,low,0.859,62
word,990,which,375.727,375.947,0.220,low,0.753,62
word,991,receive,376.007,376.368,0.361,low,0.865,62
word,992,queue,376.408,376.589,0.181,low,0.537,62
word,993,this,376.649,376.749,0.100,low,0.766,62
word,994,packet,376.829,377.130,0.301,low,0.966,62
word,995,belongs,377.170,377.531,0.361,low,0.856,62
word,996,to.,377.571,378.473,0.902,medium,0.838,62
word,997,Modern,378.655,379.036,0.381,low,0.690,63
word,998,NICs,379.096,379.276,0.180,low,0.874,63
word,999,support,379.336,379.656,0.320,low,0.923,63
word,1000,multiple,379.736,380.137,0.401,low,0.778,63
word,1001,receive,380.177,380.498,0.321,low,0.901,63
word,1002,"queues,",380.538,380.818,0.280,low,0.670,63
word,1003,often,381.259,381.499,0.240,low,0.930,63
word,1004,dozens,381.559,381.879,0.320,low,0.699,63
word,1005,per,381.960,382.100,0.140,low,0.691,63
word,1006,"port,",382.120,382.380,0.260,low,0.859,63
word,1007,specifically,382.821,383.402,0.581,low,0.848,63
word,1008,so,383.462,383.562,0.100,low,0.844,63
word,1009,that,383.602,383.722,0.120,low,0.873,63
word,1010,traffic,383.782,384.143,0.361,low,0.924,63
word,1011,can,384.183,384.303,0.120,low,0.887,63
word,1012,be,384.343,384.423,0.080,low,0.992,63
word,1013,spread,384.463,384.743,0.280,low,0.883,63
word,1014,across,384.763,385.084,0.321,low,0.733,63
word,1015,multiple,385.184,385.585,0.401,low,0.817,63
word,1016,CPU,385.625,386.085,0.460,medium,0.784,63
word,1017,cores.,386.125,386.446,0.321,medium,0.806,63
word,1018,The,387.227,387.307,0.080,low,0.909,64
word,1019,mechanism,387.367,387.808,0.441,low,0.747,64
word,1020,that,387.848,387.968,0.120,low,0.844,64
word,1021,does,388.008,388.168,0.160,low,0.694,64
word,1022,the,388.208,388.308,0.100,low,0.332,64
word,1023,spreading,388.348,388.709,0.361,low,0.838,64
word,1024,is,388.769,388.829,0.060,low,0.766,64
word,1025,called,388.869,389.109,0.240,low,0.899,64
word,1026,RSS,389.149,389.670,0.521,medium,0.758,64
word,1027,.,389.690,390.692,1.002,high,0.709,64
word,1028,The,392.013,392.113,0.100,low,0.670,65
word,1029,controller,392.154,392.614,0.460,low,0.774,65
word,1030,hashes,392.654,393.015,0.361,low,0.793,65
word,1031,fields,393.095,393.375,0.280,low,0.898,65
word,1032,from,393.435,393.555,0.120,low,0.974,65
word,1033,the,393.575,393.656,0.081,low,0.832,65
word,1034,packet,393.696,394.036,0.340,low,0.870,65
word,1035,"header,",394.056,394.296,0.240,low,0.947,65
word,1036,source,394.837,395.118,0.281,low,0.824,65
word,1037,and,395.178,395.258,0.080,low,0.865,65
word,1038,destination,395.278,395.859,0.581,low,0.763,65
word,1039,"IP,",396.019,396.339,0.320,medium,0.894,65
word,1040,source,396.840,397.160,0.320,low,0.881,65
word,1041,and,397.220,397.301,0.081,low,0.880,65
word,1042,destination,397.341,397.881,0.540,low,0.896,65
word,1043,"port,",397.961,398.222,0.261,low,0.953,65
word,1044,and,398.642,398.723,0.081,low,0.975,65
word,1045,that,398.783,398.923,0.140,low,0.966,65
word,1046,hash,398.983,399.223,0.240,low,0.918,65
word,1047,picks,399.283,399.484,0.201,low,0.873,65
word,1048,a,399.524,399.564,0.040,low,0.936,65
word,1049,queue.,399.604,400.545,0.941,low,0.661,65
word,1050,Same,400.545,400.927,0.382,low,0.803,66
word,1051,"flow,",401.007,401.308,0.301,medium,0.872,66
word,1052,same,401.690,401.930,0.240,low,0.775,66
word,1053,"hash,",401.991,402.292,0.301,low,0.929,66
word,1054,same,402.613,402.854,0.241,low,0.751,66
word,1055,"queue,",402.934,403.195,0.261,low,0.687,66
word,1056,every,403.557,403.737,0.180,low,0.936,66
word,1057,time.,403.798,404.039,0.241,low,0.818,66
word,1058,That's,404.079,404.962,0.883,low,0.878,67
word,1059,what,405.002,405.103,0.101,low,0.824,67
word,1060,lets,405.163,405.324,0.161,low,0.862,67
word,1061,one,405.484,405.585,0.101,low,0.665,67
word,1062,core,405.665,405.906,0.241,low,0.743,67
word,1063,own,405.986,406.107,0.121,low,0.784,67
word,1064,a,406.147,406.167,0.020,low,0.998,67
word,1065,queue,406.227,406.468,0.241,low,0.517,67
word,1066,without,406.508,406.789,0.281,low,0.867,67
word,1067,needing,406.829,407.050,0.221,low,0.939,67
word,1068,to,407.111,407.171,0.060,low,0.999,67
word,1069,coordinate,407.231,407.693,0.462,low,0.753,67
word,1070,with,407.733,407.853,0.120,low,0.749,67
word,1071,any,407.954,408.074,0.120,low,0.789,67
word,1072,other,408.135,408.295,0.160,low,0.651,67
word,1073,core.,408.355,408.797,0.442,low,0.746,67
word,1074,Step,409.672,410.033,0.361,low,0.864,68
word,1075,5.,410.093,410.393,0.300,high,0.766,68
word,1076,DMA,410.774,411.375,0.601,high,0.882,69
word,1077,This,411.415,412.336,0.921,low,0.966,69
word,1078,is,412.416,412.476,0.060,low,0.834,69
word,1079,the,412.496,412.597,0.101,low,0.777,69
word,1080,part,412.637,412.837,0.200,low,0.882,69
word,1081,people,412.897,413.138,0.241,low,0.799,69
word,1082,underestimate.,413.218,413.859,0.641,low,0.949,69
word,1083,The,414.480,414.560,0.080,low,0.734,70
word,1084,controller,414.620,415.041,0.421,low,0.775,70
word,1085,doesn't,415.101,415.341,0.240,low,0.835,70
word,1086,send,415.381,415.541,0.160,low,0.987,70
word,1087,the,415.581,415.641,0.060,low,0.996,70
word,1088,packet,415.702,416.022,0.320,low,0.832,70
word,1089,to,416.042,416.122,0.080,low,0.589,70
word,1090,the,416.182,416.242,0.060,low,0.991,70
word,1091,CPU,416.303,416.823,0.520,medium,0.833,70
word,1092,to,416.883,416.944,0.061,low,0.758,70
word,1093,be,416.984,417.064,0.080,low,0.646,70
word,1094,copied,417.124,417.444,0.320,low,0.834,70
word,1095,into,417.484,417.645,0.161,low,0.956,70
word,1096,memory.,417.705,418.025,0.320,low,0.959,70
word,1097,It,418.566,418.606,0.040,low,0.796,71
word,1098,writes,418.666,418.907,0.241,low,0.804,71
word,1099,the,418.947,419.067,0.120,low,0.553,71
word,1100,packet,419.107,419.407,0.300,low,0.860,71
word,1101,directly,419.448,419.848,0.400,low,0.684,71
word,1102,into,419.928,420.109,0.181,low,0.890,71
word,1103,a,420.189,420.209,0.020,low,0.999,71
word,1104,buffer,420.269,420.569,0.300,low,0.883,71
word,1105,in,420.649,420.710,0.061,low,0.966,71
word,1106,the,420.750,420.810,0.060,low,0.950,71
word,1107,host's,420.870,421.210,0.340,low,0.700,71
word,1108,RAM,421.290,421.491,0.201,low,0.889,71
word,1109,"itself,",421.551,421.911,0.360,low,0.934,71
word,1110,over,422.472,422.673,0.201,low,0.874,71
word,1111,"PCIe,",422.733,423.434,0.701,high,0.852,71
word,1112,using,423.995,424.195,0.200,low,0.992,71
word,1113,Direct,424.255,424.576,0.321,low,0.899,71
word,1114,Memory,424.656,424.956,0.300,low,0.894,71
word,1115,Access,425.096,425.477,0.381,low,0.880,71
word,1116,.,425.497,426.138,0.641,high,0.936,71
word,1117,The,427.500,427.600,0.100,low,0.792,72
word,1118,CPU,427.641,428.141,0.500,medium,0.889,72
word,1119,isn't,428.282,428.462,0.180,low,0.749,72
word,1120,involved,428.502,428.862,0.360,low,0.846,72
word,1121,in,428.923,428.963,0.040,low,0.958,72
word,1122,moving,429.023,429.263,0.240,low,0.707,72
word,1123,a,429.343,429.363,0.020,low,1.000,72
word,1124,single,429.443,429.744,0.301,low,0.751,72
word,1125,byte,429.824,430.024,0.200,low,0.930,72
word,1126,of,430.064,430.104,0.040,low,0.998,72
word,1127,this,430.145,430.265,0.120,low,0.671,72
word,1128,transfer.,430.325,431.106,0.781,low,0.815,72
word,1129,Step,431.761,432.101,0.340,low,0.876,73
word,1130,"six,",432.141,432.842,0.701,low,0.979,73
word,1131,PCIe.,432.862,433.683,0.821,high,0.666,73
word,1132,That,434.524,434.664,0.140,low,0.823,74
word,1133,DMA,434.764,435.345,0.581,high,0.797,74
word,1134,write,435.385,435.625,0.240,low,0.572,74
word,1135,travels,435.705,436.026,0.321,low,0.861,74
word,1136,across,436.106,436.406,0.300,low,0.767,74
word,1137,the,436.446,436.546,0.100,low,0.651,74
word,1138,eight,436.646,436.806,0.160,low,0.827,74
word,1139,lanes,436.846,437.087,0.241,low,0.759,74
word,1140,of,437.127,437.187,0.060,low,0.926,74
word,1141,this,437.207,437.327,0.120,low,0.759,74
word,1142,connector,437.387,437.787,0.400,low,0.856,74
word,1143,as,437.888,437.968,0.080,low,0.632,74
word,1144,PCIe,438.068,438.808,0.740,medium,0.790,74
word,1145,memory,438.889,439.189,0.300,low,0.854,74
word,1146,write,439.229,439.409,0.180,low,0.746,74
word,1147,transactions.,439.449,440.090,0.641,low,0.841,74
word,1148,Eight,440.851,441.031,0.180,low,0.803,75
word,1149,lanes,441.091,441.331,0.240,low,0.740,75
word,1150,of,441.391,441.431,0.040,low,0.998,75
word,1151,third,441.471,441.712,0.241,low,0.590,75
word,1152,generation,441.772,442.272,0.500,low,0.851,75
word,1153,PCIe,442.332,443.093,0.761,high,0.764,75
word,1154,gives,443.534,443.734,0.200,low,0.755,75
word,1155,this,443.774,443.914,0.140,low,0.654,75
word,1156,card,443.994,444.234,0.240,low,0.821,75
word,1157,roughly,444.294,444.615,0.321,low,0.892,75
word,1158,7.9,444.635,444.975,0.340,high,0.866,75
word,1159,gigabytes,445.476,445.996,0.520,low,0.742,75
word,1160,per,446.056,446.176,0.120,low,0.571,75
word,1161,second,446.236,446.517,0.281,low,0.914,75
word,1162,in,446.577,446.637,0.060,low,0.986,75
word,1163,each,446.737,446.877,0.140,low,0.974,75
word,1164,"direction,",446.917,447.378,0.461,low,0.723,75
word,1165,vastly,448.018,448.459,0.441,medium,0.834,75
word,1166,more,448.519,448.679,0.160,low,0.867,75
word,1167,than,448.719,448.839,0.120,low,0.754,75
word,1168,either,448.939,449.159,0.220,low,0.711,75
word,1169,10,449.179,449.440,0.261,medium,0.786,75
word,1170,gigabit,449.480,449.860,0.380,low,0.935,75
word,1171,port,449.900,450.120,0.220,low,0.943,75
word,1172,needs,450.181,450.381,0.200,low,0.848,75
word,1173,on,450.441,450.501,0.060,low,0.996,75
word,1174,its,450.561,450.641,0.080,low,0.775,75
word,1175,"own,",450.761,450.881,0.120,low,0.874,75
word,1176,which,451.382,451.502,0.120,low,0.901,75
word,1177,leaves,451.562,451.762,0.200,low,0.684,75
word,1178,plenty,451.882,452.143,0.261,low,0.967,75
word,1179,of,452.183,452.223,0.040,low,0.962,75
word,1180,headroom,452.283,452.623,0.340,low,0.826,75
word,1181,for,452.683,452.763,0.080,low,0.996,75
word,1182,descriptor,452.803,453.244,0.441,low,0.880,75
word,1183,traffic,453.284,453.644,0.360,low,0.874,75
word,1184,and,454.045,454.125,0.080,low,0.852,75
word,1185,a,454.165,454.185,0.020,low,0.876,75
word,1186,second,454.265,454.525,0.260,low,0.851,75
word,1187,port,454.565,454.785,0.220,low,0.987,75
word,1188,running,454.846,455.066,0.220,low,0.907,76
word,1189,at,455.106,455.146,0.040,low,0.988,76
word,1190,the,455.166,455.266,0.100,low,0.798,76
word,1191,same,455.306,455.486,0.180,low,0.749,76
word,1192,time.,455.546,456.267,0.721,low,0.844,76
word,1193,Step,456.854,457.195,0.341,low,0.875,77
word,1194,7.,457.215,457.515,0.300,high,0.778,77
word,1195,The,457.936,458.036,0.100,low,0.825,78
word,1196,RXQ,458.217,458.838,0.621,high,0.696,78
word,1197,and,458.958,459.018,0.060,low,0.998,78
word,1198,Descriptor,459.058,459.499,0.441,low,0.880,78
word,1199,Ring,459.559,459.739,0.180,low,0.827,78
word,1200,Now,460.601,460.701,0.100,medium,0.948,78
word,1201,here's,460.761,460.982,0.221,low,0.732,78
word,1202,the,461.022,461.102,0.080,low,0.995,78
word,1203,piece,461.142,461.342,0.200,low,0.907,78
word,1204,that,461.382,461.483,0.101,low,0.832,78
word,1205,ties,461.523,461.763,0.240,low,0.866,78
word,1206,hardware,461.823,462.184,0.361,low,0.799,78
word,1207,to,462.224,462.284,0.060,low,0.912,78
word,1208,software.,462.324,462.825,0.501,low,0.831,78
word,1209,In,463.587,463.667,0.080,low,0.994,79
word,1210,host,463.727,463.987,0.260,low,0.754,79
word,1211,memory,464.047,464.368,0.321,low,0.798,79
word,1212,sits,464.428,464.609,0.181,low,0.786,79
word,1213,a,464.649,464.669,0.020,low,0.838,79
word,1214,data,464.729,464.969,0.240,low,0.944,79
word,1215,structure,464.989,465.350,0.361,low,0.814,79
word,1216,called,465.410,465.650,0.240,low,0.889,79
word,1217,a,465.711,465.731,0.020,low,0.991,79
word,1218,descriptor,465.791,466.252,0.461,low,0.841,79
word,1219,"ring,",466.312,466.472,0.160,low,0.894,79
word,1220,a,467.113,467.133,0.020,low,0.965,79
word,1221,circular,467.213,467.654,0.441,low,0.878,79
word,1222,array,467.714,467.935,0.221,low,0.930,79
word,1223,that,467.975,468.095,0.120,low,0.744,79
word,1224,software,468.155,468.576,0.421,low,0.813,79
word,1225,prepared,468.616,468.977,0.361,low,0.901,79
word,1226,in,469.017,469.077,0.060,low,0.958,79
word,1227,advance.,469.137,469.518,0.381,low,0.968,79
word,1228,Each,470.399,470.560,0.161,low,0.624,80
word,1229,descriptor,470.620,471.081,0.461,low,0.830,80
word,1230,is,471.141,471.201,0.060,low,0.921,80
word,1231,basically,471.281,471.702,0.421,low,0.956,80
word,1232,an,471.742,471.802,0.060,low,0.834,80
word,1233,empty,471.882,472.103,0.221,low,0.845,80
word,1234,pointer.,472.163,472.523,0.360,low,0.824,80
word,1235,Here's,473.084,473.305,0.221,low,0.656,81
word,1236,a,473.365,473.385,0.020,low,0.998,81
word,1237,free,473.445,473.605,0.160,low,0.753,81
word,1238,"buffer,",473.645,473.966,0.321,low,0.963,81
word,1239,put,474.387,474.507,0.120,low,0.926,81
word,1240,the,474.547,474.607,0.060,low,0.683,81
word,1241,next,474.667,474.848,0.181,low,0.888,81
word,1242,packet,474.888,475.168,0.280,low,0.919,81
word,1243,here.,475.208,475.409,0.201,low,0.682,81
word,1244,When,476.330,476.431,0.101,medium,0.979,82
word,1245,the,476.471,476.531,0.060,low,0.999,82
word,1246,controller,476.571,477.012,0.441,low,0.812,82
word,1247,finishes,477.072,477.432,0.360,low,0.869,82
word,1248,writing,477.493,477.733,0.240,low,0.695,82
word,1249,a,477.793,477.813,0.020,low,0.999,82
word,1250,"packet,",477.873,478.254,0.381,low,0.886,82
word,1251,it,478.655,478.715,0.060,low,0.996,82
word,1252,marks,478.795,479.035,0.240,low,0.806,82
word,1253,that,479.096,479.216,0.120,low,0.886,82
word,1254,descriptor,479.256,479.697,0.441,low,0.816,82
word,1255,as,479.797,479.877,0.080,low,0.833,82
word,1256,done.,479.957,480.398,0.441,low,0.903,82
word,1257,Step,481.373,481.694,0.321,medium,0.870,83
word,1258,"eight,",481.794,481.975,0.181,low,0.836,83
word,1259,the,482.376,482.456,0.080,low,0.846,83
word,1260,application,482.536,483.077,0.541,low,0.887,83
word,1261,picks,483.137,483.338,0.201,low,0.914,83
word,1262,it,483.398,483.438,0.040,low,0.998,83
word,1263,up.,483.538,483.619,0.081,low,0.928,83
word,1264,On,484.481,484.541,0.060,medium,0.935,84
word,1265,the,484.561,484.641,0.080,low,0.833,84
word,1266,software,484.681,485.123,0.442,low,0.926,84
word,1267,"side,",485.163,485.423,0.260,low,0.950,84
word,1268,if,485.844,485.884,0.040,low,0.986,84
word,1269,you're,485.925,486.085,0.160,low,0.852,84
word,1270,running,486.125,486.326,0.201,low,0.948,84
word,1271,a,486.386,486.406,0.020,low,0.915,84
word,1272,high-performance,486.466,487.128,0.662,low,0.824,84
word,1273,data,487.188,487.408,0.220,low,0.640,84
word,1274,plane,487.428,487.649,0.221,low,0.718,84
word,1275,"stack,",487.709,488.511,0.802,low,0.954,84
word,1276,this,488.531,488.692,0.161,low,0.618,84
word,1277,is,488.752,488.792,0.040,low,0.868,84
word,1278,where,488.852,488.992,0.140,low,0.890,84
word,1279,something,489.052,489.333,0.281,low,0.824,84
word,1280,like,489.373,489.514,0.141,low,0.734,84
word,1281,DPDK,489.594,490.296,0.702,medium,0.877,84
word,1282,comes,490.356,490.556,0.200,low,0.657,84
word,1283,"in,",490.657,490.737,0.080,low,0.996,84
word,1284,a,491.418,491.439,0.021,low,0.863,84
word,1285,worker,491.499,491.819,0.320,low,0.838,84
word,1286,core,491.880,492.100,0.220,low,0.763,84
word,1287,is,492.180,492.241,0.061,low,0.750,84
word,1288,continuously,492.301,492.962,0.661,low,0.787,84
word,1289,polling,493.043,493.363,0.320,low,0.735,84
word,1290,that,493.403,493.564,0.161,low,0.720,84
word,1291,"ring,",493.624,493.805,0.181,low,0.844,84
word,1292,not,494.266,494.426,0.160,low,0.863,84
word,1293,waiting,494.466,494.707,0.241,low,0.865,84
word,1294,for,494.767,494.867,0.100,low,0.992,84
word,1295,an,494.907,494.947,0.040,low,0.977,84
word,1296,interrupt.,495.008,495.990,0.982,low,0.920,84
word,1297,It,496.072,496.212,0.140,low,0.678,85
word,1298,calls,496.272,496.513,0.241,low,0.906,85
word,1299,a,496.573,496.593,0.020,low,0.983,85
word,1300,"function,",496.653,497.033,0.380,low,0.790,85
word,1301,commonly,497.434,497.854,0.420,medium,0.970,85
word,1302,rte,498.074,498.675,0.601,high,0.737,85
word,1303,underscore,498.795,499.256,0.461,low,0.756,85
word,1304,eth,499.396,500.057,0.661,high,0.807,85
word,1305,underscore,500.177,500.617,0.440,low,0.818,85
word,1306,rx,500.858,501.218,0.360,medium,0.774,85
word,1307,underscore,501.318,501.759,0.441,low,0.878,85
word,1308,"burst,",501.799,502.119,0.320,low,0.883,85
word,1309,which,502.740,502.880,0.140,low,0.898,85
word,1310,sweeps,502.940,503.240,0.300,low,0.839,85
word,1311,up,503.300,503.380,0.080,low,0.987,85
word,1312,a,503.440,503.461,0.021,low,0.998,85
word,1313,batch,503.521,503.741,0.220,low,0.958,85
word,1314,of,503.781,503.821,0.040,low,0.997,85
word,1315,completed,503.901,504.301,0.400,low,0.775,85
word,1316,descriptors,504.362,504.822,0.460,low,0.836,85
word,1317,in,504.882,504.942,0.060,low,0.911,85
word,1318,one,504.962,505.203,0.241,low,0.770,85
word,1319,call,505.263,505.503,0.240,medium,0.852,85
word,1320,and,506.064,506.164,0.100,low,0.713,85
word,1321,hands,506.224,506.444,0.220,low,0.917,85
word,1322,your,506.484,506.584,0.100,low,0.798,85
word,1323,application,506.644,507.125,0.481,low,0.884,85
word,1324,the,507.165,507.265,0.100,low,0.777,85
word,1325,packets,507.305,507.725,0.420,low,0.853,85
word,1326,as,508.146,508.206,0.060,low,0.800,85
word,1327,ready-to-use,508.246,508.867,0.621,low,0.737,85
word,1328,"buffers,",508.927,509.287,0.360,low,0.953,85
word,1329,called,509.708,509.908,0.200,low,0.905,85
word,1330,"mBuffs,",509.928,510.529,0.601,medium,0.926,85
word,1331,pulled,511.049,511.270,0.221,low,0.886,85
word,1332,from,511.310,511.430,0.120,low,0.525,85
word,1333,a,511.450,511.510,0.060,low,0.331,85
word,1334,pre-allocated,511.590,512.271,0.681,low,0.769,85
word,1335,pool,512.351,512.631,0.280,low,0.835,85
word,1336,called,513.032,513.212,0.180,low,0.828,85
word,1337,a,513.252,513.292,0.040,low,0.499,86
word,1338,mempool.,513.332,513.792,0.460,low,0.930,86
word,1339,No,513.893,514.013,0.120,low,0.832,87
word,1340,"interrupt,",514.073,514.473,0.400,low,0.876,87
word,1341,no,514.733,514.854,0.121,low,0.826,87
word,1342,context,514.914,515.354,0.440,low,0.983,87
word,1343,"switch,",515.394,515.675,0.281,low,0.937,87
word,1344,no,515.935,516.055,0.120,low,0.666,87
word,1345,extra,516.115,516.375,0.260,low,0.885,87
word,1346,copy.,516.395,516.736,0.341,medium,0.943,87
word,1347,The,517.537,517.617,0.080,low,0.999,88
word,1348,packet,517.657,517.997,0.340,low,0.866,88
word,1349,moved,518.037,518.258,0.221,low,0.698,88
word,1350,from,518.278,518.398,0.120,low,0.746,88
word,1351,copper,518.478,518.818,0.340,low,0.917,88
word,1352,wire,518.858,519.139,0.281,low,0.990,88
word,1353,to,519.239,519.319,0.080,low,0.744,88
word,1354,application,519.419,520.000,0.581,low,0.905,88
word,1355,memory,520.040,520.400,0.360,low,0.886,88
word,1356,with,520.720,520.841,0.121,low,0.812,88
word,1357,the,520.881,520.941,0.060,low,0.994,88
word,1358,CPU,521.001,521.501,0.500,medium,0.809,88
word,1359,touching,521.601,521.942,0.341,low,0.919,88
word,1360,it,522.002,522.062,0.060,low,0.959,88
word,1361,exactly,522.202,522.663,0.461,low,0.933,88
word,1362,once,522.703,523.023,0.320,medium,0.878,88
word,1363,to,523.784,523.904,0.120,medium,0.872,88
word,1364,read,523.964,524.144,0.180,low,0.787,88
word,1365,it.,524.204,524.745,0.541,low,0.974,88
word,1366,Transmit,525.181,525.742,0.561,low,0.864,89
word,1367,is,525.822,525.882,0.060,low,0.946,89
word,1368,the,525.922,526.002,0.080,low,0.828,89
word,1369,same,526.042,526.243,0.201,low,0.810,89
word,1370,"path,",526.323,526.603,0.280,low,0.860,89
word,1371,run,526.844,527.024,0.180,low,0.805,89
word,1372,"backward,",527.084,527.525,0.441,low,0.936,89
word,1373,and,527.885,527.965,0.080,low,0.744,89
word,1374,it,528.006,528.066,0.060,low,0.690,89
word,1375,starts,528.146,528.426,0.280,low,0.864,89
word,1376,on,528.486,528.526,0.040,low,0.996,89
word,1377,the,528.566,528.627,0.061,low,0.999,89
word,1378,software,528.667,529.067,0.400,low,0.642,89
word,1379,side.,529.107,529.328,0.221,medium,0.995,89
word,1380,Step,530.289,530.530,0.241,low,0.919,90
word,1381,1.,530.710,530.810,0.100,medium,0.552,90
word,1382,The,531.471,531.571,0.100,low,0.668,91
word,1383,application,531.651,532.192,0.541,low,0.886,91
word,1384,builds,532.252,532.493,0.241,low,0.784,91
word,1385,a,532.553,532.573,0.020,low,1.000,91
word,1386,packet,532.613,532.974,0.361,low,0.991,91
word,1387,and,533.114,533.194,0.080,low,0.887,91
word,1388,hands,533.254,533.514,0.260,low,0.805,91
word,1389,it,533.575,533.635,0.060,low,0.727,91
word,1390,to,533.655,533.755,0.100,low,0.666,91
word,1391,the,533.795,533.855,0.060,low,0.736,91
word,1392,"driver,",533.915,534.256,0.341,low,0.929,91
word,1393,which,534.776,534.917,0.141,low,0.858,91
word,1394,calls,534.977,535.277,0.300,low,0.825,91
word,1395,rte,535.518,536.119,0.601,high,0.776,91
word,1396,underscore,536.359,536.840,0.481,low,0.820,91
word,1397,eth,536.980,537.581,0.601,high,0.713,91
word,1398,underscore,537.781,538.322,0.541,low,0.812,91
word,1399,tx,538.462,538.923,0.461,high,0.960,91
word,1400,underscore,539.184,539.724,0.540,low,0.820,91
word,1401,burst.,539.925,540.726,0.801,low,0.915,91
word,1402,Step,541.162,541.523,0.361,low,0.852,92
word,1403,2.,541.543,541.763,0.220,high,0.880,92
word,1404,Descriptors,542.204,542.745,0.541,low,0.834,93
word,1405,go,542.785,542.925,0.140,low,0.998,93
word,1406,up.,543.005,543.106,0.101,low,0.999,93
word,1407,The,543.847,543.927,0.080,low,0.926,94
word,1408,driver,543.987,544.348,0.361,low,0.853,94
word,1409,writes,544.408,544.648,0.240,low,0.835,94
word,1410,descriptors,544.709,545.209,0.500,low,0.676,94
word,1411,into,545.290,545.430,0.140,low,0.996,94
word,1412,the,545.450,545.530,0.080,low,0.832,94
word,1413,TX,545.590,545.951,0.361,medium,0.918,94
word,1414,"ring,",546.011,546.211,0.200,low,0.843,94
word,1415,each,546.632,546.792,0.160,low,0.706,94
word,1416,one,546.933,547.033,0.100,low,0.814,94
word,1417,pointing,547.133,547.474,0.341,low,0.897,94
word,1418,at,547.534,547.594,0.060,low,0.902,94
word,1419,a,547.634,547.654,0.020,low,1.000,94
word,1420,buffer,547.714,548.035,0.321,low,0.912,94
word,1421,that,548.155,548.275,0.120,low,0.889,94
word,1422,already,548.415,548.696,0.281,low,0.856,94
word,1423,holds,548.756,548.996,0.240,low,0.549,94
word,1424,the,549.016,549.117,0.101,low,0.474,94
word,1425,outgoing,549.177,549.537,0.360,low,0.858,94
word,1426,"packet,",549.597,549.978,0.381,low,0.978,94
word,1427,and,550.339,550.419,0.080,low,0.841,94
word,1428,then,550.479,550.619,0.140,low,0.897,94
word,1429,writes,550.679,550.900,0.221,low,0.792,94
word,1430,to,550.960,551.060,0.100,low,0.507,94
word,1431,a,551.140,551.160,0.020,low,0.999,94
word,1432,doorbell,551.200,551.581,0.381,low,0.882,94
word,1433,"register,",551.641,552.042,0.401,low,0.836,94
word,1434,a,552.523,552.563,0.040,low,0.951,94
word,1435,"simple,",552.623,552.964,0.341,low,0.983,94
word,1436,"hey,",553.304,553.565,0.261,medium,0.951,94
word,1437,new,554.026,554.166,0.140,low,0.829,94
word,1438,"work,",554.226,554.446,0.220,low,0.926,94
word,1439,signal,554.827,555.148,0.321,low,0.836,94
word,1440,to,555.188,555.268,0.080,low,0.786,94
word,1441,the,555.288,555.348,0.060,low,0.970,94
word,1442,controller.,555.388,555.829,0.441,low,0.913,94
word,1443,Step,556.711,556.931,0.220,low,0.747,95
word,1444,3.,556.951,557.231,0.280,high,0.687,95
word,1445,The,557.893,557.993,0.100,low,0.916,96
word,1446,controller,558.033,558.494,0.461,low,0.761,96
word,1447,DMA,558.574,559.135,0.561,high,0.808,96
word,1448,reads,559.215,559.416,0.201,low,0.930,96
word,1449,those,559.476,559.636,0.160,low,0.868,96
word,1450,buffers,559.716,560.017,0.301,low,0.894,96
word,1451,straight,560.097,560.377,0.280,low,0.703,96
word,1452,out,560.417,560.497,0.080,low,0.999,96
word,1453,of,560.538,560.578,0.040,low,0.999,96
word,1454,host,560.618,560.858,0.240,low,0.838,96
word,1455,"memory,",560.918,561.239,0.321,low,0.918,96
word,1456,again,561.640,561.900,0.260,low,0.775,96
word,1457,with,561.980,562.120,0.140,low,0.688,96
word,1458,no,562.201,562.381,0.180,low,0.869,96
word,1459,CPU,562.441,562.962,0.521,medium,0.859,96
word,1460,copy.,563.022,564.064,1.042,low,0.906,96
word,1461,Step,564.064,564.445,0.381,low,0.908,97
word,1462,4.,564.505,564.725,0.220,high,0.698,97
word,1463,PHY,565.186,565.847,0.661,high,0.895,98
word,1464,and,565.907,565.987,0.080,low,0.715,98
word,1465,cable.,566.048,566.368,0.320,low,0.815,98
word,1466,The,566.949,567.029,0.080,low,0.726,99
word,1467,controller,567.089,567.550,0.461,low,0.862,99
word,1468,hands,567.610,567.871,0.261,low,0.615,99
word,1469,the,567.891,567.991,0.100,low,0.465,99
word,1470,frame,568.051,568.271,0.220,low,0.931,99
word,1471,to,568.311,568.372,0.061,low,0.752,99
word,1472,the,568.412,568.492,0.080,low,0.833,99
word,1473,"PHY,",568.532,569.213,0.681,high,0.900,99
word,1474,which,569.554,569.674,0.120,low,0.899,99
word,1475,encodes,569.734,570.115,0.381,low,0.838,99
word,1476,it,570.155,570.215,0.060,low,0.914,99
word,1477,back,570.275,570.475,0.200,low,0.874,99
word,1478,into,570.535,570.676,0.141,low,0.927,99
word,1479,that,570.696,570.836,0.140,low,0.833,99
word,1480,16-level,570.856,571.657,0.801,medium,0.721,99
word,1481,analog,571.778,572.178,0.400,low,0.672,99
word,1482,signal,572.218,572.499,0.281,low,0.772,99
word,1483,and,572.839,572.899,0.060,low,0.773,99
word,1484,puts,572.980,573.160,0.180,low,0.953,99
word,1485,it,573.220,573.260,0.040,low,1.000,99
word,1486,on,573.300,573.360,0.060,low,0.827,99
word,1487,the,573.380,573.460,0.080,low,0.833,99
word,1488,wire.,573.501,573.781,0.280,medium,0.825,99
word,1489,Step,574.723,574.963,0.240,low,0.765,100
word,1490,5.,575.003,575.264,0.261,high,0.697,100
word,1491,Completion.,575.704,576.185,0.481,medium,0.929,101
word,1492,Once,577.087,577.227,0.140,low,0.791,102
word,1493,the,577.287,577.367,0.080,low,0.848,102
word,1494,controller,577.407,577.808,0.401,low,0.823,102
word,1495,has,577.868,577.988,0.120,low,0.908,102
word,1496,sent,578.028,578.189,0.161,low,0.725,102
word,1497,the,578.229,578.309,0.080,low,0.825,102
word,1498,"frame,",578.349,578.670,0.321,low,0.958,102
word,1499,it,579.010,579.070,0.060,low,0.750,102
word,1500,writes,579.130,579.391,0.261,low,0.776,102
word,1501,back,579.451,579.631,0.180,low,0.812,102
word,1502,a,579.691,579.711,0.020,low,0.998,102
word,1503,"completion,",579.751,580.252,0.501,low,0.831,102
word,1504,and,580.773,580.853,0.080,low,0.739,102
word,1505,the,580.873,580.954,0.081,low,0.523,102
word,1506,driver,581.014,581.354,0.340,low,0.797,102
word,1507,returns,581.374,581.775,0.401,low,0.788,102
word,1508,that,581.815,581.955,0.140,low,0.750,102
word,1509,buffer,582.015,582.276,0.261,low,0.979,102
word,1510,to,582.316,582.376,0.060,low,0.776,102
word,1511,the,582.396,582.476,0.080,low,0.771,102
word,1512,mempool,582.536,582.957,0.421,low,0.933,102
word,1513,so,583.238,583.338,0.100,low,0.911,102
word,1514,it,583.378,583.438,0.060,low,0.750,102
word,1515,can,583.458,583.558,0.100,low,0.778,102
word,1516,be,583.598,583.698,0.100,low,0.859,102
word,1517,reused,583.779,584.259,0.480,low,0.864,102
word,1518,for,584.319,584.420,0.101,low,0.996,102
word,1519,the,584.440,584.520,0.080,low,0.794,102
word,1520,next,584.560,584.720,0.160,low,0.840,102
word,1521,packet.,584.780,585.782,1.002,low,0.857,102
word,1522,Two,585.998,586.278,0.280,low,0.864,103
word,1523,"independent,",586.399,586.959,0.560,low,0.970,103
word,1524,symmetric,587.180,587.620,0.440,low,0.939,103
word,1525,"pipelines,",587.660,588.161,0.501,low,0.927,103
word,1526,one,588.802,588.902,0.100,low,0.856,103
word,1527,for,588.942,589.042,0.100,low,0.849,103
word,1528,"receive,",589.102,589.523,0.421,medium,0.793,103
word,1529,one,590.063,590.183,0.120,low,0.773,103
word,1530,for,590.223,590.324,0.101,low,0.969,103
word,1531,"transmit,",590.384,590.884,0.500,low,0.863,103
word,1532,both,591.365,591.585,0.220,low,0.653,103
word,1533,bypassing,591.685,592.246,0.561,low,0.886,103
word,1534,the,592.286,592.366,0.080,low,0.832,103
word,1535,CPU,592.426,592.967,0.541,medium,0.913,103
word,1536,for,593.067,593.147,0.080,low,0.884,103
word,1537,the,593.187,593.267,0.080,low,0.501,103
word,1538,actual,593.408,593.728,0.320,low,0.802,103
word,1539,data,593.768,594.008,0.240,low,0.977,103
word,1540,"movement,",594.028,594.909,0.881,low,0.925,103
word,1541,and,594.930,595.010,0.080,low,0.839,103
word,1542,both,595.070,595.270,0.200,low,0.696,103
word,1543,driven,595.330,595.590,0.260,low,0.791,103
word,1544,entirely,595.670,596.231,0.561,low,0.861,103
word,1545,by,596.291,596.391,0.100,low,0.736,103
word,1546,polling,596.492,596.872,0.380,low,0.836,103
word,1547,instead,597.192,597.453,0.261,low,0.840,103
word,1548,of,597.493,597.533,0.040,low,1.000,103
word,1549,interrupts,597.553,598.034,0.481,low,0.657,103
word,1550,when,598.374,598.474,0.100,low,0.998,103
word,1551,you,598.514,598.614,0.100,low,0.953,103
word,1552,want,598.654,598.815,0.161,low,0.642,103
word,1553,maximum,598.935,599.395,0.460,low,0.900,103
word,1554,throughput.,599.415,599.876,0.461,low,0.837,103
word,1555,A,600.797,600.837,0.040,low,0.755,104
word,1556,quick,600.877,601.077,0.200,low,0.745,104
word,1557,recap,601.158,601.518,0.360,low,0.899,104
word,1558,of,601.558,601.618,0.060,low,0.942,104
word,1559,the,601.638,601.738,0.100,low,0.471,104
word,1560,ideas,601.818,602.139,0.321,low,0.947,104
word,1561,that,602.179,602.279,0.100,low,0.775,104
word,1562,make,602.339,602.479,0.140,low,0.622,104
word,1563,this,602.519,602.659,0.140,low,0.770,104
word,1564,"fast,",602.720,603.080,0.360,low,0.852,104
word,1565,because,603.420,603.661,0.241,low,0.878,104
word,1566,they're,603.681,603.861,0.180,low,0.832,104
word,1567,worth,603.881,604.101,0.220,low,0.662,104
word,1568,naming,604.181,604.422,0.241,low,0.915,104
word,1569,directly.,604.462,604.902,0.440,medium,0.861,104
word,1570,Multi-Q,605.844,606.404,0.560,medium,0.731,105
word,1571,plus,606.444,606.685,0.241,low,0.955,105
word,1572,RSS,606.865,607.145,0.280,medium,0.914,105
word,1573,turns,607.626,607.846,0.220,low,0.813,105
word,1574,one,608.086,608.187,0.101,low,0.985,105
word,1575,NIC,608.327,608.807,0.480,medium,0.787,105
word,1576,into,609.128,609.308,0.180,low,0.968,105
word,1577,effectively,609.388,609.909,0.521,low,0.862,105
word,1578,N,610.149,610.229,0.080,low,0.721,105
word,1579,independent,610.329,610.830,0.501,low,0.931,105
word,1580,"lanes,",610.870,611.190,0.320,low,0.892,105
word,1581,one,611.931,612.052,0.121,low,0.953,105
word,1582,per,612.112,612.252,0.140,low,0.813,105
word,1583,CPU,612.292,612.793,0.501,medium,0.735,105
word,1584,core,612.813,613.053,0.240,low,0.775,105
word,1585,with,613.413,613.533,0.120,low,0.839,105
word,1586,zero,613.654,613.994,0.340,medium,0.952,105
word,1587,locking,614.054,614.415,0.361,low,0.798,105
word,1588,between,614.455,614.755,0.300,low,0.856,105
word,1589,them.,614.795,615.516,0.721,low,0.804,105
word,1590,DMA,615.833,616.554,0.721,high,0.856,106
word,1591,means,616.614,616.815,0.201,low,0.781,106
word,1592,the,616.835,616.955,0.120,low,0.749,106
word,1593,controller,616.995,617.416,0.421,low,0.794,106
word,1594,talks,617.476,617.737,0.261,low,0.883,106
word,1595,to,617.777,617.857,0.080,low,0.819,106
word,1596,memory,617.917,618.197,0.280,low,0.933,106
word,1597,directly.,618.258,618.718,0.460,low,0.908,106
word,1598,The,619.380,619.460,0.080,low,0.993,107
word,1599,CPU's,619.520,620.081,0.561,medium,0.602,107
word,1600,job,620.121,620.362,0.241,low,0.999,107
word,1601,is,620.442,620.502,0.060,low,0.786,107
word,1602,reduced,620.562,620.903,0.341,low,0.831,107
word,1603,to,620.943,621.003,0.060,low,0.886,107
word,1604,setting,621.083,621.323,0.240,low,0.924,107
word,1605,up,621.383,621.444,0.061,low,0.998,107
word,1606,buffers,621.504,621.824,0.320,low,0.849,107
word,1607,in,621.864,621.924,0.060,low,0.991,107
word,1608,advance,621.985,622.385,0.400,low,0.988,107
word,1609,and,622.786,622.866,0.080,low,0.837,107
word,1610,reading,622.926,623.167,0.241,low,0.787,107
word,1611,results,623.227,623.547,0.320,low,0.789,107
word,1612,after,623.708,623.908,0.200,low,0.897,107
word,1613,the,623.928,624.008,0.080,low,0.833,107
word,1614,fact.,624.048,624.329,0.281,low,0.954,107
word,1615,Polling,625.411,625.792,0.381,medium,0.753,108
word,1616,instead,625.852,626.112,0.260,low,0.789,108
word,1617,of,626.152,626.192,0.040,low,1.000,108
word,1618,"interrupts,",626.213,626.713,0.500,low,0.802,108
word,1619,the,627.134,627.234,0.100,low,0.831,108
word,1620,model,627.295,627.575,0.280,low,0.932,108
word,1621,DPDK,627.615,628.357,0.742,medium,0.805,108
word,1622,"uses,",628.457,628.737,0.280,low,0.949,108
word,1623,avoids,629.218,629.539,0.321,low,0.792,108
word,1624,the,629.599,629.679,0.080,low,0.706,108
word,1625,fixed,629.739,629.980,0.241,low,0.762,108
word,1626,cost,630.040,630.340,0.300,low,0.833,108
word,1627,of,630.380,630.440,0.060,low,0.894,108
word,1628,an,630.481,630.521,0.040,low,0.998,108
word,1629,interrupt,630.601,630.981,0.380,low,0.858,108
word,1630,and,631.222,631.302,0.080,low,0.715,108
word,1631,a,631.342,631.362,0.020,low,0.994,108
word,1632,context,631.442,631.943,0.501,low,0.906,108
word,1633,switch,631.983,632.244,0.261,low,0.957,108
word,1634,on,632.544,632.605,0.061,low,0.998,108
word,1635,every,632.825,633.105,0.280,low,0.771,108
word,1636,single,633.186,633.466,0.280,low,0.832,108
word,1637,"packet,",633.506,633.907,0.401,low,0.903,108
word,1638,which,634.448,634.608,0.160,low,0.845,108
word,1639,matters,634.668,634.949,0.281,low,0.907,108
word,1640,enormously,635.029,635.670,0.641,low,0.780,108
word,1641,once,635.690,636.251,0.561,low,0.860,108
word,1642,you're,636.271,636.412,0.141,low,0.671,108
word,1643,processing,636.452,636.973,0.521,low,0.944,108
word,1644,millions,637.073,637.414,0.341,low,0.927,108
word,1645,of,637.454,637.514,0.060,low,0.926,108
word,1646,packets,637.574,637.914,0.340,low,0.760,108
word,1647,per,637.955,638.095,0.140,low,0.672,108
word,1648,second.,638.135,638.736,0.601,low,0.952,108
word,1649,Hardware,639.543,640.024,0.481,medium,0.715,109
word,1650,"offloads,",640.145,640.626,0.481,low,0.915,109
word,1651,"checksums,",641.087,641.669,0.582,medium,0.876,109
word,1652,"segmentation,",642.009,642.751,0.742,medium,0.884,109
word,1653,VLAN,643.132,643.554,0.422,medium,0.897,109
word,1654,handling,643.574,643.975,0.401,low,0.869,109
word,1655,move,644.516,644.717,0.201,low,0.718,109
word,1656,"repetitive,",644.777,645.318,0.541,low,0.930,109
word,1657,well-defined,645.479,646.120,0.641,low,0.850,109
word,1658,work,646.180,646.381,0.201,low,0.900,109
word,1659,into,646.441,646.582,0.141,low,0.978,109
word,1660,silicon,646.662,647.163,0.501,low,0.896,109
word,1661,that,647.524,647.644,0.120,low,0.963,109
word,1662,does,647.684,647.845,0.161,low,0.604,109
word,1663,it,647.885,647.925,0.040,low,0.704,109
word,1664,far,648.025,648.266,0.241,low,0.897,109
word,1665,cheaper,648.366,648.667,0.301,low,0.830,109
word,1666,than,648.707,648.827,0.120,low,0.868,109
word,1667,a,648.888,648.908,0.020,low,0.998,109
word,1668,general-purpose,648.968,649.610,0.642,low,0.831,109
word,1669,CPU,649.630,650.131,0.501,medium,0.777,109
word,1670,core.,650.151,650.953,0.802,low,0.838,109
word,1671,Put,651.271,651.431,0.160,low,0.445,110
word,1672,"together,",651.451,651.832,0.381,low,0.741,110
word,1673,this,652.212,652.352,0.140,low,0.874,110
word,1674,is,652.412,652.473,0.061,low,0.852,110
word,1675,why,652.513,652.653,0.140,low,0.880,110
word,1676,a,652.713,652.733,0.020,low,0.997,110
word,1677,card,652.793,653.033,0.240,low,0.865,110
word,1678,that,653.053,653.173,0.120,low,0.864,110
word,1679,looks,653.193,653.374,0.181,low,0.900,110
word,1680,like,653.414,653.514,0.100,low,0.750,110
word,1681,a,653.574,653.594,0.020,low,0.560,110
word,1682,simple,653.694,653.995,0.301,low,0.852,110
word,1683,green,654.055,654.335,0.280,low,0.774,110
word,1684,board,654.375,654.615,0.240,low,0.718,110
word,1685,with,654.876,654.976,0.100,low,0.750,110
word,1686,two,655.016,655.256,0.240,low,0.843,110
word,1687,ports,655.316,655.617,0.301,low,0.911,110
word,1688,can,656.017,656.137,0.120,low,0.998,110
word,1689,be,656.157,656.237,0.080,low,0.601,110
word,1690,the,656.277,656.358,0.081,low,0.998,110
word,1691,difference,656.398,656.738,0.340,low,0.816,110
word,1692,between,656.778,657.038,0.260,low,0.790,110
word,1693,a,657.099,657.119,0.020,low,1.000,110
word,1694,server,657.199,657.479,0.280,low,0.860,110
word,1695,that,657.519,657.639,0.120,low,0.758,110
word,1696,pushes,657.699,657.980,0.281,low,0.832,110
word,1697,a,658.040,658.080,0.040,low,0.805,110
word,1698,few,658.160,658.340,0.180,low,0.889,110
word,1699,hundred,658.400,658.661,0.261,low,0.746,110
word,1700,thousand,658.701,659.061,0.360,low,0.709,110
word,1701,packets,659.121,659.462,0.341,low,0.894,110
word,1702,a,659.522,659.542,0.020,low,0.525,110
word,1703,second,659.602,659.942,0.340,low,0.837,110
word,1704,and,660.443,660.523,0.080,low,0.916,110
word,1705,one,660.623,660.723,0.100,low,0.533,110
word,1706,that,660.743,660.843,0.100,low,0.878,110
word,1707,pushes,660.903,661.164,0.261,low,0.694,110
word,1708,tens,661.204,661.524,0.320,low,0.757,110
word,1709,of,661.584,661.624,0.040,low,1.000,110
word,1710,millions.,661.684,662.085,0.401,medium,0.843,110
word,1711,Cards,663.086,663.367,0.281,medium,0.829,111
word,1712,built,663.447,663.627,0.180,low,0.806,111
word,1713,this,663.667,663.807,0.140,low,0.641,111
word,1714,way,663.887,664.027,0.140,low,0.809,111
word,1715,show,664.068,664.288,0.220,low,0.774,111
word,1716,up,664.368,664.428,0.060,low,0.990,111
word,1717,anywhere,664.448,664.929,0.481,low,0.644,111
word,1718,packet,664.969,665.309,0.340,low,0.902,111
word,1719,throughput,665.329,665.730,0.401,low,0.764,111
word,1720,is,665.790,665.850,0.060,low,0.832,111
word,1721,the,665.890,665.970,0.080,low,0.910,111
word,1722,"job,",666.010,666.330,0.320,medium,0.992,111
word,1723,not,666.811,666.951,0.140,low,0.846,111
word,1724,a,667.011,667.031,0.020,low,0.973,111
word,1725,side,667.091,667.292,0.201,low,0.913,111
word,1726,effect.,667.332,667.652,0.320,low,0.963,111
word,1727,Load,668.313,668.553,0.240,medium,0.908,112
word,1728,"balancers,",668.593,669.134,0.541,low,0.870,112
word,1729,firewalls,669.695,670.336,0.641,low,0.813,112
word,1730,and,670.396,670.476,0.080,low,0.931,112
word,1731,other,670.576,670.736,0.160,low,0.781,112
word,1732,security,670.796,671.217,0.421,low,0.816,112
word,1733,"appliances,",671.257,671.838,0.581,low,0.930,112
word,1734,software,672.518,672.999,0.481,low,0.843,112
word,1735,routers,673.039,673.380,0.341,low,0.758,112
word,1736,and,673.440,673.520,0.080,low,0.923,112
word,1737,"switches,",673.580,673.960,0.380,low,0.890,112
word,1738,telecom,674.541,675.022,0.481,medium,0.797,112
word,1739,data,675.042,675.282,0.240,low,0.803,112
word,1740,"planes,",675.302,675.622,0.320,low,0.930,112
word,1741,and,676.163,676.243,0.080,low,0.563,112
word,1742,virtualized,676.343,676.984,0.641,low,0.854,112
word,1743,network,677.024,677.425,0.401,low,0.865,112
word,1744,functions,677.485,677.865,0.380,low,0.687,112
word,1745,running,678.166,678.406,0.240,low,0.777,112
word,1746,inside,678.486,678.807,0.321,low,0.903,112
word,1747,the,678.827,678.907,0.080,low,0.833,112
word,1748,cloud.,678.947,679.928,0.981,low,0.884,112
word,1749,Anywhere,679.928,680.449,0.521,low,0.914,113
word,1750,you,680.509,680.609,0.100,low,0.988,113
word,1751,hear,680.649,680.769,0.120,low,0.863,113
word,1752,the,680.809,680.890,0.081,low,0.833,113
word,1753,words,680.930,681.170,0.240,low,0.879,113
word,1754,line,681.210,681.691,0.481,medium,0.844,113
word,1755,"rate,",681.731,681.951,0.220,low,0.909,113
word,1756,packet,682.312,682.652,0.340,low,0.895,113
word,1757,"forwarding,",682.692,683.113,0.421,low,0.964,113
word,1758,or,683.474,683.574,0.100,low,0.584,113
word,1759,data,683.634,683.894,0.260,low,0.869,113
word,1760,"plane,",683.914,684.155,0.241,low,0.908,113
word,1761,there's,684.696,684.876,0.180,low,0.861,113
word,1762,a,684.916,684.956,0.040,low,0.500,113
word,1763,card,684.996,685.257,0.261,low,0.789,113
word,1764,very,685.377,685.617,0.240,low,0.770,113
word,1765,much,685.677,685.837,0.160,low,0.792,113
word,1766,like,685.898,686.038,0.140,low,0.710,113
word,1767,this,686.058,686.238,0.180,low,0.831,113
word,1768,one,686.338,686.418,0.080,low,0.773,113
word,1769,"underneath,",686.478,686.859,0.381,low,0.862,113
word,1770,doing,687.300,687.520,0.220,low,0.955,113
word,1771,exactly,687.600,688.161,0.561,low,0.894,113
word,1772,what,688.221,688.321,0.100,low,0.866,113
word,1773,we,688.361,688.462,0.101,low,0.998,113
word,1774,just,688.482,688.642,0.160,low,0.738,113
word,1775,walked,688.702,688.942,0.240,low,0.907,113
word,1776,through.,688.982,689.203,0.221,low,0.905,113
word,1777,So,690.124,690.224,0.100,medium,0.864,114
word,1778,the,690.264,690.325,0.061,low,0.997,114
word,1779,next,690.385,690.565,0.180,low,0.710,114
word,1780,time,690.605,690.785,0.180,low,0.874,114
word,1781,someone,690.845,691.126,0.281,low,0.885,114
word,1782,"says,",691.166,691.386,0.220,low,0.883,114
word,1783,just,691.707,691.907,0.200,low,0.870,114
word,1784,add,692.067,692.188,0.121,low,0.803,114
word,1785,"ANIC,",692.328,693.069,0.741,high,0.862,114
word,1786,you'll,693.590,693.790,0.200,low,0.931,114
word,1787,know,693.810,693.930,0.120,low,0.604,114
word,1788,that,693.970,694.091,0.121,low,0.837,114
word,1789,Greencard,694.171,694.671,0.500,low,0.912,114
word,1790,is,694.712,694.772,0.060,low,0.686,114
word,1791,quietly,694.892,695.333,0.441,low,0.800,114
word,1792,running,695.413,695.633,0.220,low,0.726,114
word,1793,its,695.693,695.793,0.100,low,0.580,114
word,1794,own,695.933,696.054,0.121,low,0.888,114
word,1795,miniature,696.114,696.554,0.440,low,0.816,114
word,1796,pipeline.,696.595,697.095,0.500,low,0.859,114
word,1797,"Copper,",697.616,697.997,0.381,medium,0.967,115
word,1798,"transformer,",698.437,699.099,0.662,medium,0.914,115
word,1799,"PHY,",699.539,700.280,0.741,high,0.922,115
word,1800,"controller,",700.601,701.122,0.521,low,0.848,115
word,1801,DMA,701.582,702.143,0.561,high,0.750,115
word,1802,"engine,",702.244,702.524,0.280,low,0.966,115
word,1803,and,702.985,703.065,0.080,low,0.849,115
word,1804,a,703.105,703.145,0.040,low,0.500,115
word,1805,set,703.185,703.325,0.140,low,0.799,115
word,1806,of,703.345,703.385,0.040,low,1.000,115
word,1807,queues.,703.445,704.447,1.002,low,0.645,115
word,1808,all,704.447,704.768,0.321,low,0.886,116
word,1809,built,704.828,705.008,0.180,low,0.876,116
word,1810,to,705.048,705.109,0.061,low,0.751,116
word,1811,get,705.149,705.249,0.100,low,0.834,116
word,1812,a,705.289,705.309,0.020,low,0.999,116
word,1813,packet,705.369,705.690,0.321,low,0.876,116
word,1814,from,705.730,705.850,0.120,low,0.718,116
word,1815,a,705.890,705.930,0.040,low,0.494,116
word,1816,cable,705.991,706.311,0.320,low,0.755,116
word,1817,into,706.412,706.572,0.160,low,0.988,116
word,1818,your,706.612,706.712,0.100,low,0.939,116
word,1819,application,706.792,707.334,0.542,low,0.783,116
word,1820,and,707.755,707.835,0.080,low,0.812,116
word,1821,back,707.915,708.115,0.200,low,0.874,116
word,1822,out,708.196,708.276,0.080,low,0.892,116
word,1823,"again,",708.336,708.556,0.220,low,0.960,116
word,1824,as,709.038,709.118,0.080,low,0.962,116
word,1825,many,709.218,709.418,0.200,low,0.736,116
word,1826,millions,709.579,710.000,0.421,low,0.861,116
word,1827,of,710.040,710.080,0.040,low,1.000,116
word,1828,times,710.100,710.401,0.301,low,0.858,116
word,1829,a,710.461,710.481,0.020,low,1.000,116
word,1830,second,710.541,710.842,0.301,low,0.756,116
word,1831,as,711.182,711.263,0.081,low,0.764,116
word,1832,the,711.283,711.403,0.120,low,0.772,116
word,1833,wire,711.463,711.744,0.281,low,0.744,116
word,1834,will,711.784,711.924,0.140,low,0.893,116
word,1835,allow.,711.984,712.225,0.241,medium,0.999,116
word,1836,Thanks,713.147,713.347,0.200,low,0.906,117
word,1837,for,713.387,713.468,0.081,low,0.837,117
word,1838,watching!,713.528,713.909,0.381,medium,0.901,117
word,1839,If,714.811,714.871,0.060,low,0.950,118
word,1840,you,714.891,715.011,0.120,low,0.833,118
word,1841,want,715.051,715.172,0.121,low,0.852,118
word,1842,to,715.212,715.272,0.060,low,0.992,118
word,1843,explore,715.332,715.673,0.341,low,0.949,118
word,1844,the,715.693,715.773,0.080,low,0.833,118
word,1845,model,715.813,716.074,0.261,low,0.936,118
word,1846,"yourself,",716.114,716.555,0.441,low,0.834,118
word,1847,the,716.855,716.936,0.081,low,0.994,118
word,1848,link's,716.996,717.216,0.220,low,0.576,118
word,1849,in,717.256,717.316,0.060,low,0.993,118
word,1850,the,717.357,717.417,0.060,low,0.995,118
word,1851,description.,717.457,717.998,0.541,low,0.903,118
sentence,0,"Every time you stream a video, join a call, or SSH into a server, a packet has to physically leave your computer and get onto a wire.",0.031,8.069,8.038,,,0
sentence,1,"The piece of hardware that makes that happen is one of the most overlooked parts of any machine, the Network Interface Card, or NIC.",8.870,16.307,7.437,,,1
sentence,2,Today we're going to open one up.,17.169,19.153,1.984,,,2
sentence,3,"not with a screwdriver, in 3D.",19.302,21.406,2.104,,,3
sentence,4,"We'll go from, what is this thing, all the way to how a packet actually moves through it, the same way a driver engineer would explain it.",22.247,29.239,6.992,,,4
sentence,5,"A NIC, network interface card, is the hardware that connects a computer to a network.",30.100,36.130,6.030,,,5
sentence,6,Your laptop's Wi-Fi chip is a NIC.,36.211,38.554,2.343,,,6
sentence,7,The little RJ45 jack on the back of a desktop is a NIC.,39.275,43.280,4.005,,,7
sentence,8,"And the card we're looking at right now is a NIC built for servers, a PCIe expansion card with two copper Ethernet ports designed to move packets in and out of a machine as fast as the network allows.",44.021,55.895,11.874,,,8
sentence,9,Its job sounds simple.,56.736,57.877,1.141,,,9
sentence,10,"Take bits off the wire and hand them to the operating system, and take data from the operating system and put it on the wire.",58.378,64.986,6.608,,,10
sentence,11,"But at 10 gigabits per second, that's up to 14 million packets a second, in each direction, with almost no time to think about any one of them.",64.986,72.977,7.991,,,11
sentence,12,Everything about this card's design exists to make that possible.,73.878,76.982,3.104,,,12
sentence,13,"So let's walk it, part by part.",77.623,79.266,1.643,,,13
sentence,14,"This is the printed circuit board, the green backbone.",79.987,82.911,2.924,,,14
sentence,15,"It's not just a mounting surface, it's a signal path in its own right.",83.632,87.076,3.444,,,15
sentence,16,Every trace you can see is a controlled impedance track carrying either a differential signal pair or power.,87.897,94.146,6.249,,,16
sentence,17,"On a card like this, getting the trace lengths and spacing wrong is enough to corrupt data at these speeds, so the copper layout is engineered almost as carefully as the chip sitting on top of it.",94.146,104.224,10.078,,,17
sentence,18,"These are the two RJ45 jacks, the physical ports your Ethernet cable plugs into.",106.148,111.898,5.750,,,18
sentence,19,"Each one has eight gold contacts inside, wired to four twisted pairs in the cable.",112.047,116.856,4.809,,,19
sentence,20,"At 10 gigabits, this port uses all four pairs simultaneously, in both directions at once, encoding data as 16 distinct voltage levels per symbol, a scheme called PAM16.",117.698,129.600,11.902,,,20
sentence,21,That's how you squeeze 10 gigabits down copper that was originally designed for one.,129.640,134.730,5.090,,,21
sentence,22,"The two LEDs tell you what's happening electrically, green for link, a valid connection has been negotiated, and amber flickering for activity, meaning frames are actually moving.",136.482,146.919,10.437,,,22
sentence,23,"Right behind each port sits a pair of small transformers, sometimes called the magnetics.",148.682,153.951,5.269,,,23
sentence,24,"Their job isn't to boost the signal, it's isolation.",154.302,157.026,2.724,,,24
sentence,25,"They galvanically separate this card from the cable, so a ground fault or power surge on the network side can't reach the card or the rest of your machine.",157.807,165.477,7.670,,,25
sentence,26,They also reject common mode noise picked up along the cable.,166.338,169.462,3.124,,,26
sentence,27,"Unglamorous, but every wired Ethernet port has them.",170.363,173.207,2.844,,,27
sentence,28,"Under the heatsink is the physical layer chip, or PHY.",175.210,178.474,3.264,,,28
sentence,29,This is where the analog world meets the digital world.,179.255,182.419,3.164,,,29
sentence,30,"On receive, it takes the raw electrical waveform off the cable and, through fairly heavy digital signal processing, echo cancellation, crosstalk cancellation, error correcting decoding, turns it back into clean bits.",182.500,195.293,12.793,,,30
sentence,31,"On transmit, it does the reverse, takes bits and shapes them into that same 16-level signal.",196.214,201.720,5.506,,,31
sentence,32,"This chip runs hot, which is exactly why it's the one hiding under the heatsink and not out in the open air.",203.522,209.368,5.846,,,32
sentence,33,"This is the brain of the card, the Ethernet controller, sometimes just called the Mac.",211.120,215.848,4.728,,,33
sentence,34,"Once the feature hands it clean bits, the controller does the real networking work.",216.870,220.817,3.947,,,34
sentence,35,"It checks the frame's checksum, figures out which receive queue the packet should go into, and, critically, it talks to the host computer's memory directly over PCIe, without waiting for the CPU to babysit every packet.",221.458,234.360,12.902,,,35
sentence,36,"It also runs offload logic, checksum calculation, segmentation for large packets, VLAN tagging, tasks that used to be pure CPU work, now done in silicon so the processor is free to run your application.",235.724,249.463,13.739,,,36
sentence,37,A quick word on the heatsink.,251.198,253.244,2.046,,,37
sentence,38,"It's finned aluminum, clipped down with spring-loaded pushpins, so it applies constant pressure even as the board flexes slightly with heat.",253.264,260.804,7.540,,,38
sentence,39,"It's passive, no fan, so it depends entirely on airflow moving through the server chassis.",261.727,267.182,5.455,,,39
sentence,40,"And this gold comb at the end is the PCIe edge connector, 8 lanes worth of contacts.",268.968,275.216,6.248,,,40
sentence,41,"This is the card's only connection to the rest of the computer, and everything the controller does eventually funnels through here.",275.236,281.363,6.127,,,41
sentence,42,"We'll come back to it in a minute, because it's the key to how packets actually get to your software.",282.244,286.810,4.566,,,42
sentence,43,The metal bracket on the back simply anchors the card to the chassis and exposes the two ports through the case.,288.792,294.359,5.567,,,43
sentence,44,"Mechanical, but it also grounds the port shields to the chassis.",295.040,298.384,3.344,,,44
sentence,45,So why does a server need a card like this instead of the cheap Ethernet port built into a motherboard?,300.119,304.866,4.747,,,45
sentence,46,Three reasons.,305.687,306.328,0.641,,,46
sentence,47,"Throughput, offload, and control.",306.949,309.172,2.223,,,47
sentence,48,A dedicated NIC can push far more traffic than an onboard controller.,310.173,313.999,3.826,,,48
sentence,49,It takes real work off the CPU through those offloads we just mentioned.,314.620,318.185,3.565,,,49
sentence,50,"And, for the kind of software this card is built for, it can be driven directly by an application instead of the operating system's general-purpose network stack.",318.745,327.578,8.833,,,50
sentence,51,"That last point matters a lot, and it's where things get interesting.",328.368,331.593,3.225,,,51
sentence,52,Let's follow an actual packet.,332.414,333.896,1.482,,,52
sentence,53,"Let's trace one packet, start to finish, the way it happens for real.",335.799,339.424,3.625,,,53
sentence,54,"Step one, the cable.",341.207,342.649,1.442,,,54
sentence,55,A frame arrives as an electrical waveform on the twisted pairs.,343.590,346.775,3.185,,,55
sentence,56,"Step two, RJ45 and magnetics.",348.778,351.642,2.864,,,56
sentence,57,"It enters the port, passes through the isolation transformers, and reaches the PHY.",352.444,357.531,5.087,,,57
sentence,58,"Step three, the PHY.",359.249,361.133,1.884,,,58
sentence,59,The PHY decodes the waveform back into clean digital bits and hands them off on a simple internal bus.,361.875,367.789,5.914,,,59
sentence,60,"Step four, the controller.",368.129,369.653,1.524,,,60
sentence,61,"The controller checks the frame is valid, and here's the first real decision point.",370.655,374.564,3.909,,,61
sentence,62,It decides which receive queue this packet belongs to.,375.206,378.473,3.267,,,62
sentence,63,"Modern NICs support multiple receive queues, often dozens per port, specifically so that traffic can be spread across multiple CPU cores.",378.655,386.446,7.791,,,63
sentence,64,The mechanism that does the spreading is called RSS .,387.227,390.692,3.465,,,64
sentence,65,"The controller hashes fields from the packet header, source and destination IP, source and destination port, and that hash picks a queue.",392.013,400.545,8.532,,,65
sentence,66,"Same flow, same hash, same queue, every time.",400.545,404.039,3.494,,,66
sentence,67,That's what lets one core own a queue without needing to coordinate with any other core.,404.079,408.797,4.718,,,67
sentence,68,Step 5.,409.672,410.393,0.721,,,68
sentence,69,DMA This is the part people underestimate.,410.774,413.859,3.085,,,69
sentence,70,The controller doesn't send the packet to the CPU to be copied into memory.,414.480,418.025,3.545,,,70
sentence,71,"It writes the packet directly into a buffer in the host's RAM itself, over PCIe, using Direct Memory Access .",418.566,426.138,7.572,,,71
sentence,72,The CPU isn't involved in moving a single byte of this transfer.,427.500,431.106,3.606,,,72
sentence,73,"Step six, PCIe.",431.761,433.683,1.922,,,73
sentence,74,That DMA write travels across the eight lanes of this connector as PCIe memory write transactions.,434.524,440.090,5.566,,,74
sentence,75,"Eight lanes of third generation PCIe gives this card roughly 7.9 gigabytes per second in each direction, vastly more than either 10 gigabit port needs on its own, which leaves plenty of headroom for descriptor traffic and a second port",440.851,454.785,13.934,,,75
sentence,76,running at the same time.,454.846,456.267,1.421,,,76
sentence,77,Step 7.,456.854,457.515,0.661,,,77
sentence,78,The RXQ and Descriptor Ring Now here's the piece that ties hardware to software.,457.936,462.825,4.889,,,78
sentence,79,"In host memory sits a data structure called a descriptor ring, a circular array that software prepared in advance.",463.587,469.518,5.931,,,79
sentence,80,Each descriptor is basically an empty pointer.,470.399,472.523,2.124,,,80
sentence,81,"Here's a free buffer, put the next packet here.",473.084,475.409,2.325,,,81
sentence,82,"When the controller finishes writing a packet, it marks that descriptor as done.",476.330,480.398,4.068,,,82
sentence,83,"Step eight, the application picks it up.",481.373,483.619,2.246,,,83
sentence,84,"On the software side, if you're running a high-performance data plane stack, this is where something like DPDK comes in, a worker core is continuously polling that ring, not waiting for an interrupt.",484.481,495.990,11.509,,,84
sentence,85,"It calls a function, commonly rte underscore eth underscore rx underscore burst, which sweeps up a batch of completed descriptors in one call and hands your application the packets as ready-to-use buffers, called mBuffs, pulled from a pre-allocated pool called",496.072,513.212,17.140,,,85
sentence,86,a mempool.,513.252,513.792,0.540,,,86
sentence,87,"No interrupt, no context switch, no extra copy.",513.893,516.736,2.843,,,87
sentence,88,The packet moved from copper wire to application memory with the CPU touching it exactly once to read it.,517.537,524.745,7.208,,,88
sentence,89,"Transmit is the same path, run backward, and it starts on the software side.",525.181,529.328,4.147,,,89
sentence,90,Step 1.,530.289,530.810,0.521,,,90
sentence,91,"The application builds a packet and hands it to the driver, which calls rte underscore eth underscore tx underscore burst.",531.471,540.726,9.255,,,91
sentence,92,Step 2.,541.162,541.763,0.601,,,92
sentence,93,Descriptors go up.,542.204,543.106,0.902,,,93
sentence,94,"The driver writes descriptors into the TX ring, each one pointing at a buffer that already holds the outgoing packet, and then writes to a doorbell register, a simple, hey, new work, signal to the controller.",543.847,555.829,11.982,,,94
sentence,95,Step 3.,556.711,557.231,0.520,,,95
sentence,96,"The controller DMA reads those buffers straight out of host memory, again with no CPU copy.",557.893,564.064,6.171,,,96
sentence,97,Step 4.,564.064,564.725,0.661,,,97
sentence,98,PHY and cable.,565.186,566.368,1.182,,,98
sentence,99,"The controller hands the frame to the PHY, which encodes it back into that 16-level analog signal and puts it on the wire.",566.949,573.781,6.832,,,99
sentence,100,Step 5.,574.723,575.264,0.541,,,100
sentence,101,Completion.,575.704,576.185,0.481,,,101
sentence,102,"Once the controller has sent the frame, it writes back a completion, and the driver returns that buffer to the mempool so it can be reused for the next packet.",577.087,585.782,8.695,,,102
sentence,103,"Two independent, symmetric pipelines, one for receive, one for transmit, both bypassing the CPU for the actual data movement, and both driven entirely by polling instead of interrupts when you want maximum throughput.",585.998,599.876,13.878,,,103
sentence,104,"A quick recap of the ideas that make this fast, because they're worth naming directly.",600.797,604.902,4.105,,,104
sentence,105,"Multi-Q plus RSS turns one NIC into effectively N independent lanes, one per CPU core with zero locking between them.",605.844,615.516,9.672,,,105
sentence,106,DMA means the controller talks to memory directly.,615.833,618.718,2.885,,,106
sentence,107,The CPU's job is reduced to setting up buffers in advance and reading results after the fact.,619.380,624.329,4.949,,,107
sentence,108,"Polling instead of interrupts, the model DPDK uses, avoids the fixed cost of an interrupt and a context switch on every single packet, which matters enormously once you're processing millions of packets per second.",625.411,638.736,13.325,,,108
sentence,109,"Hardware offloads, checksums, segmentation, VLAN handling move repetitive, well-defined work into silicon that does it far cheaper than a general-purpose CPU core.",639.543,650.953,11.410,,,109
sentence,110,"Put together, this is why a card that looks like a simple green board with two ports can be the difference between a server that pushes a few hundred thousand packets a second and one that pushes tens of millions.",651.271,662.085,10.814,,,110
sentence,111,"Cards built this way show up anywhere packet throughput is the job, not a side effect.",663.086,667.652,4.566,,,111
sentence,112,"Load balancers, firewalls and other security appliances, software routers and switches, telecom data planes, and virtualized network functions running inside the cloud.",668.313,679.928,11.615,,,112
sentence,113,"Anywhere you hear the words line rate, packet forwarding, or data plane, there's a card very much like this one underneath, doing exactly what we just walked through.",679.928,689.203,9.275,,,113
sentence,114,"So the next time someone says, just add ANIC, you'll know that Greencard is quietly running its own miniature pipeline.",690.124,697.095,6.971,,,114
sentence,115,"Copper, transformer, PHY, controller, DMA engine, and a set of queues.",697.616,704.447,6.831,,,115
sentence,116,"all built to get a packet from a cable into your application and back out again, as many millions of times a second as the wire will allow.",704.447,712.225,7.778,,,116
sentence,117,Thanks for watching!,713.147,713.909,0.762,,,117
sentence,118,"If you want to explore the model yourself, the link's in the description.",714.811,717.998,3.187,,,118
pause,0,short,1.594,1.955,0.361,,,
pause,1,short,4.401,4.882,0.481,,,
pause,2,long,8.069,8.870,0.801,,,
pause,3,short,13.420,14.002,0.582,,,
pause,4,long,16.307,17.169,0.862,,,
pause,5,short,20.384,20.764,0.380,,,
pause,6,long,21.406,22.247,0.841,,,
pause,7,short,23.870,24.390,0.520,,,
pause,8,short,26.734,27.175,0.441,,,
pause,9,long,29.239,30.100,0.861,,,
pause,10,short,30.921,31.482,0.561,,,
pause,11,short,32.664,33.145,0.481,,,
pause,12,long,38.554,39.275,0.721,,,
pause,13,short,40.516,40.857,0.341,,,
pause,14,long,43.280,44.021,0.741,,,
pause,15,short,47.425,47.985,0.560,,,
pause,16,short,51.530,52.030,0.500,,,
pause,17,long,55.895,56.736,0.841,,,
pause,18,short,57.877,58.378,0.501,,,
pause,19,short,61.141,61.562,0.421,,,
pause,20,short,66.588,66.929,0.341,,,
pause,21,short,69.172,69.552,0.380,,,
pause,22,short,70.353,70.734,0.381,,,
pause,23,long,72.977,73.878,0.901,,,
pause,24,long,76.982,77.623,0.641,,,
pause,25,short,78.344,78.605,0.261,,,
pause,26,long,79.266,79.987,0.721,,,
pause,27,short,81.489,81.849,0.360,,,
pause,28,long,82.911,83.632,0.721,,,
pause,29,short,85.054,85.494,0.440,,,
pause,30,long,87.076,87.897,0.821,,,
pause,31,short,95.208,95.488,0.280,,,
pause,32,long,99.496,100.117,0.621,,,
pause,33,long,104.224,106.148,1.924,,,
pause,34,short,107.590,107.951,0.361,,,
pause,35,short,108.271,108.692,0.421,,,
pause,36,short,114.492,114.772,0.280,,,
pause,37,long,116.856,117.698,0.842,,,
pause,38,short,123.088,123.509,0.421,,,
pause,39,short,126.835,127.376,0.541,,,
pause,40,long,134.730,136.482,1.752,,,
pause,41,short,139.186,139.707,0.521,,,
pause,42,short,144.996,145.317,0.321,,,
pause,43,long,146.919,148.682,1.763,,,
pause,44,short,151.647,152.008,0.361,,,
pause,45,short,153.951,154.302,0.351,,,
pause,46,short,155.944,156.305,0.361,,,
pause,47,long,157.026,157.807,0.781,,,
pause,48,short,160.230,160.550,0.320,,,
pause,49,long,165.477,166.338,0.861,,,
pause,50,long,169.462,170.363,0.901,,,
pause,51,long,173.207,175.210,2.003,,,
pause,52,short,177.272,177.533,0.261,,,
pause,53,long,178.474,179.255,0.781,,,
pause,54,short,183.201,183.481,0.280,,,
pause,55,short,186.044,186.304,0.260,,,
pause,56,short,186.444,186.764,0.320,,,
pause,57,short,188.987,189.407,0.420,,,
pause,58,short,190.268,190.608,0.340,,,
pause,59,short,191.750,192.190,0.440,,,
pause,60,short,193.331,193.832,0.501,,,
pause,61,long,195.293,196.214,0.921,,,
pause,62,long,201.720,203.522,1.802,,,
pause,63,short,204.583,204.943,0.360,,,
pause,64,short,207.666,207.927,0.261,,,
pause,65,long,209.368,211.120,1.752,,,
pause,66,short,212.442,212.883,0.441,,,
pause,67,short,213.985,214.406,0.421,,,
pause,68,long,215.848,216.870,1.022,,,
pause,69,short,218.513,218.853,0.340,,,
pause,70,long,220.817,221.458,0.641,,,
pause,71,short,222.840,223.281,0.441,,,
pause,72,short,225.785,226.246,0.461,,,
pause,73,short,226.406,226.687,0.281,,,
pause,74,short,227.128,227.568,0.440,,,
pause,75,short,231.094,231.495,0.401,,,
pause,76,long,234.360,235.724,1.364,,,
pause,77,short,237.489,238.010,0.521,,,
pause,78,short,239.174,239.575,0.401,,,
pause,79,short,241.260,241.701,0.441,,,
pause,80,long,242.543,243.145,0.602,,,
pause,81,short,245.492,245.913,0.421,,,
pause,82,long,249.463,251.198,1.735,,,
pause,83,short,254.327,254.728,0.401,,,
pause,84,short,256.713,257.074,0.361,,,
pause,85,long,260.804,261.727,0.923,,,
pause,86,short,262.369,262.750,0.381,,,
pause,87,short,263.291,263.753,0.462,,,
pause,88,long,267.182,268.968,1.786,,,
pause,89,long,272.492,273.253,0.761,,,
pause,90,short,277.919,278.400,0.481,,,
pause,91,long,281.363,282.244,0.881,,,
pause,92,short,283.486,283.826,0.340,,,
pause,93,long,286.810,288.792,1.982,,,
pause,94,short,291.996,292.377,0.381,,,
pause,95,long,294.359,295.040,0.681,,,
pause,96,short,295.581,295.921,0.340,,,
pause,97,long,298.384,300.119,1.735,,,
pause,98,long,304.866,305.687,0.821,,,
pause,99,long,306.328,306.949,0.621,,,
pause,100,short,307.449,307.930,0.481,,,
pause,101,short,308.351,308.611,0.260,,,
pause,102,long,309.172,310.173,1.001,,,
pause,103,long,313.999,314.620,0.621,,,
pause,104,short,318.185,318.745,0.560,,,
pause,105,short,318.906,319.306,0.400,,,
pause,106,short,321.269,321.850,0.581,,,
pause,107,long,327.578,328.368,0.790,,,
pause,108,short,329.830,330.191,0.361,,,
pause,109,long,331.593,332.414,0.821,,,
pause,110,long,333.896,335.799,1.903,,,
pause,111,short,336.981,337.241,0.260,,,
pause,112,short,337.922,338.243,0.321,,,
pause,113,long,339.424,341.207,1.783,,,
pause,114,short,341.708,342.188,0.480,,,
pause,115,long,342.649,343.590,0.941,,,
pause,116,long,346.775,348.778,2.003,,,
pause,117,long,349.279,349.960,0.681,,,
pause,118,short,350.581,351.001,0.420,,,
pause,119,long,351.642,352.444,0.802,,,
pause,120,short,353.265,353.685,0.420,,,
pause,121,short,355.608,355.969,0.361,,,
pause,122,long,357.531,359.249,1.718,,,
pause,123,short,359.870,360.311,0.441,,,
pause,124,long,361.133,361.875,0.742,,,
pause,125,short,365.343,365.724,0.381,,,
pause,126,short,367.789,368.129,0.340,,,
pause,127,short,368.711,369.031,0.320,,,
pause,128,long,369.653,370.655,1.002,,,
pause,129,short,372.479,372.820,0.341,,,
pause,130,long,374.564,375.206,0.642,,,
pause,131,short,380.818,381.259,0.441,,,
pause,132,short,382.380,382.821,0.441,,,
pause,133,long,386.446,387.227,0.781,,,
pause,134,long,390.692,392.013,1.321,,,
pause,135,short,394.296,394.837,0.541,,,
pause,136,short,396.339,396.840,0.501,,,
pause,137,short,398.222,398.642,0.420,,,
pause,138,short,401.308,401.690,0.382,,,
pause,139,short,402.292,402.613,0.321,,,
pause,140,short,403.195,403.557,0.362,,,
pause,141,long,408.797,409.672,0.875,,,
pause,142,short,410.393,410.774,0.381,,,
pause,143,long,413.859,414.480,0.621,,,
pause,144,short,418.025,418.566,0.541,,,
pause,145,short,421.911,422.472,0.561,,,
pause,146,short,423.434,423.995,0.561,,,
pause,147,long,426.138,427.500,1.362,,,
pause,148,long,431.106,431.761,0.655,,,
pause,149,long,433.683,434.524,0.841,,,
pause,150,long,440.090,440.851,0.761,,,
pause,151,short,443.093,443.534,0.441,,,
pause,152,short,444.975,445.476,0.501,,,
pause,153,long,447.378,448.018,0.640,,,
pause,154,short,450.881,451.382,0.501,,,
pause,155,short,453.644,454.045,0.401,,,
pause,156,short,456.267,456.854,0.587,,,
pause,157,short,457.515,457.936,0.421,,,
pause,158,long,459.739,460.601,0.862,,,
pause,159,long,462.825,463.587,0.762,,,
pause,160,long,466.472,467.113,0.641,,,
pause,161,long,469.518,470.399,0.881,,,
pause,162,short,472.523,473.084,0.561,,,
pause,163,short,473.966,474.387,0.421,,,
pause,164,long,475.409,476.330,0.921,,,
pause,165,short,478.254,478.655,0.401,,,
pause,166,long,480.398,481.373,0.975,,,
pause,167,short,481.975,482.376,0.401,,,
pause,168,long,483.619,484.481,0.862,,,
pause,169,short,485.423,485.844,0.421,,,
pause,170,long,490.737,491.418,0.681,,,
pause,171,short,493.805,494.266,0.461,,,
pause,172,short,497.033,497.434,0.401,,,
pause,173,long,502.119,502.740,0.621,,,
pause,174,short,505.503,506.064,0.561,,,
pause,175,short,507.725,508.146,0.421,,,
pause,176,short,509.287,509.708,0.421,,,
pause,177,short,510.529,511.049,0.520,,,
pause,178,short,512.631,513.032,0.401,,,
pause,179,short,514.473,514.733,0.260,,,
pause,180,short,515.675,515.935,0.260,,,
pause,181,long,516.736,517.537,0.801,,,
pause,182,short,520.400,520.720,0.320,,,
pause,183,long,523.023,523.784,0.761,,,
pause,184,short,524.745,525.181,0.436,,,
pause,185,short,527.525,527.885,0.360,,,
pause,186,long,529.328,530.289,0.961,,,
pause,187,long,530.810,531.471,0.661,,,
pause,188,short,534.256,534.776,0.520,,,
pause,189,short,538.923,539.184,0.261,,,
pause,190,short,540.726,541.162,0.436,,,
pause,191,short,541.763,542.204,0.441,,,
pause,192,long,543.106,543.847,0.741,,,
pause,193,short,546.211,546.632,0.421,,,
pause,194,short,549.978,550.339,0.361,,,
pause,195,short,552.042,552.523,0.481,,,
pause,196,short,552.964,553.304,0.340,,,
pause,197,short,553.565,554.026,0.461,,,
pause,198,short,554.446,554.827,0.381,,,
pause,199,long,555.829,556.711,0.882,,,
pause,200,long,557.231,557.893,0.662,,,
pause,201,short,561.239,561.640,0.401,,,
pause,202,short,564.725,565.186,0.461,,,
pause,203,short,566.368,566.949,0.581,,,
pause,204,short,569.213,569.554,0.341,,,
pause,205,short,572.499,572.839,0.340,,,
pause,206,long,573.781,574.723,0.942,,,
pause,207,short,575.264,575.704,0.440,,,
pause,208,long,576.185,577.087,0.902,,,
pause,209,short,578.670,579.010,0.340,,,
pause,210,short,580.252,580.773,0.521,,,
pause,211,short,582.957,583.238,0.281,,,
pause,212,long,588.161,588.802,0.641,,,
pause,213,short,589.523,590.063,0.540,,,
pause,214,short,590.884,591.365,0.481,,,
pause,215,short,596.872,597.192,0.320,,,
pause,216,short,598.034,598.374,0.340,,,
pause,217,long,599.876,600.797,0.921,,,
pause,218,short,603.080,603.420,0.340,,,
pause,219,long,604.902,605.844,0.942,,,
pause,220,short,607.145,607.626,0.481,,,
pause,221,short,608.807,609.128,0.321,,,
pause,222,long,611.190,611.931,0.741,,,
pause,223,short,613.053,613.413,0.360,,,
pause,224,short,615.516,615.833,0.317,,,
pause,225,long,618.718,619.380,0.662,,,
pause,226,short,622.385,622.786,0.401,,,
pause,227,long,624.329,625.411,1.082,,,
pause,228,short,626.713,627.134,0.421,,,
pause,229,short,628.737,629.218,0.481,,,
pause,230,short,632.244,632.544,0.300,,,
pause,231,short,633.907,634.448,0.541,,,
pause,232,long,638.736,639.543,0.807,,,
pause,233,short,640.626,641.087,0.461,,,
pause,234,short,641.669,642.009,0.340,,,
pause,235,short,642.751,643.132,0.381,,,
pause,236,short,643.975,644.516,0.541,,,
pause,237,short,647.163,647.524,0.361,,,
pause,238,short,650.953,651.271,0.318,,,
pause,239,short,651.832,652.212,0.380,,,
pause,240,short,654.615,654.876,0.261,,,
pause,241,short,655.617,656.017,0.400,,,
pause,242,short,659.942,660.443,0.501,,,
pause,243,long,662.085,663.086,1.001,,,
pause,244,short,666.330,666.811,0.481,,,
pause,245,long,667.652,668.313,0.661,,,
pause,246,short,669.134,669.695,0.561,,,
pause,247,long,671.838,672.518,0.680,,,
pause,248,short,673.960,674.541,0.581,,,
pause,249,short,675.622,676.163,0.541,,,
pause,250,short,677.865,678.166,0.301,,,
pause,251,short,681.951,682.312,0.361,,,
pause,252,short,683.113,683.474,0.361,,,
pause,253,short,684.155,684.696,0.541,,,
pause,254,short,686.859,687.300,0.441,,,
pause,255,long,689.203,690.124,0.921,,,
pause,256,short,691.386,691.707,0.321,,,
pause,257,short,693.069,693.590,0.521,,,
pause,258,short,697.095,697.616,0.521,,,
pause,259,short,697.997,698.437,0.440,,,
pause,260,short,699.099,699.539,0.440,,,
pause,261,short,700.280,700.601,0.321,,,
pause,262,short,701.122,701.582,0.460,,,
pause,263,short,702.524,702.985,0.461,,,
pause,264,short,707.334,707.755,0.421,,,
pause,265,short,708.556,709.038,0.482,,,
pause,266,short,710.842,711.182,0.340,,,
pause,267,long,712.225,713.147,0.922,,,
pause,268,long,713.909,714.811,0.902,,,
pause,269,short,716.555,716.855,0.300,,,
